GAME_ID,MATCHUP,player_name,SHOT_NUMBER,PERIOD,GAME_CLOCK,SHOT_RESULT,PTS_TYPE,SHOT_DIST,CLOSE_DEF_DIST
21400014,"OCT 29, 2014 - GSW @ SAC",stephen curry,1,1,7:32,made,2,10.9,4.2
21400014,"OCT 29, 2014 - GSW @ SAC",stephen curry,2,1,5:12,missed,3,24.2,4.1
21400014,"OCT 29, 2014 - GSW @ SAC",stephen curry,3,2,8:52,made,2,2.7,5.1
21400014,"OCT 29, 2014 - GSW @ SAC",stephen curry,4,2,6:45,made,2,1.6,4.4
21400014,"OCT 29, 2014 - GSW @ SAC",stephen curry,5,2,5:39,missed,3,27.8,5.4
21400014,"OCT 29, 2014 - GSW @ SAC",stephen curry,6,2,5:03,missed,2,11.4,4.7
21400014,"OCT 29, 2014 - GSW @ SAC",stephen curry,7,2,1:10,missed,2,6.2,3.5
21400014,"OCT 29, 2014 - GSW @ SAC",stephen curry,8,3,10:22,missed,3,23.3,2.7
21400014,"OCT 29, 2014 - GSW @ SAC",stephen curry,9,3,8:05,missed,3,27.4,7.1
21400014,"OCT 29, 2014 - GSW @ SAC",stephen curry,10,3,4:29,made,3,25.4,4.2
21400014,"OCT 29, 2014 - GSW @ SAC",stephen curry,11,3,2:36,missed,2,2.9,0.8
21400014,"OCT 29, 2014 - GSW @ SAC",stephen curry,12,3,0:45,missed,3,24.9,2.5
21400014,"OCT 29, 2014 - GSW @ SAC",stephen curry,13,4,6:01,made,2,3.2,2.9
21400014,"OCT 29, 2014 - GSW @ SAC",stephen curry,14,4,3:30,made,2,6.5,1.9
21400014,"OCT 29, 2014 - GSW @ SAC",stephen curry,15,4,2:15,missed,3,23.4,1.3
21400014,"OCT 29, 2014 - GSW @ SAC",stephen curry,16,4,1:33,made,3,25.0,6.5
21400014,"OCT 29, 2014 - GSW @ SAC",stephen curry,17,4,0:34,missed,3,25.6,3.3
21400038,"NOV 01, 2014 - GSW vs. LAL",stephen curry,1,1,10:47,missed,2,7.1,1.8
21400038,"NOV 01, 2014 - GSW vs. LAL",stephen curry,2,1,6:54,made,2,19.7,6.8
21400038,"NOV 01, 2014 - GSW vs. LAL",stephen curry,3,1,6:23,missed,3,24.2,4.1
21400038,"NOV 01, 2014 - GSW vs. LAL",stephen curry,4,1,6:04,missed,2,10.0,2.7
21400038,"NOV 01, 2014 - GSW vs. LAL",stephen curry,5,1,5:06,made,3,23.8,4.8
21400038,"NOV 01, 2014 - GSW vs. LAL",stephen curry,6,1,3:48,made,2,19.0,3.1
21400038,"NOV 01, 2014 - GSW vs. LAL",stephen curry,7,1,3:21,made,2,11.9,5.5
21400038,"NOV 01, 2014 - GSW vs. LAL",stephen curry,8,1,2:15,made,3,25.3,7.7
21400038,"NOV 01, 2014 - GSW vs. LAL",stephen curry,9,1,0:50,missed,3,25.8,6.1
21400038,"NOV 01, 2014 - GSW vs. LAL",stephen curry,10,2,4:13,made,2,8.2,2.9
21400038,"NOV 01, 2014 - GSW vs. LAL",stephen curry,11,2,1:06,missed,2,13.9,1.5
21400038,"NOV 01, 2014 - GSW vs. LAL",stephen curry,12,3,11:31,missed,3,24.5,6.1
21400038,"NOV 01, 2014 - GSW vs. LAL",stephen curry,13,3,7:48,missed,2,2.3,2.5
21400038,"NOV 01, 2014 - GSW vs. LAL",stephen curry,14,3,6:38,made,2,2.5,0.0
21400038,"NOV 01, 2014 - GSW vs. LAL",stephen curry,15,3,5:10,made,3,25.6,4.7
21400038,"NOV 01, 2014 - GSW vs. LAL",stephen curry,16,3,3:29,missed,3,24.6,1.7
21400038,"NOV 01, 2014 - GSW vs. LAL",stephen curry,17,4,7:05,made,2,7.8,0.0
21400038,"NOV 01, 2014 - GSW vs. LAL",stephen curry,18,4,6:31,missed,3,24.6,12.3
21400038,"NOV 01, 2014 - GSW vs. LAL",stephen curry,19,4,2:18,made,2,11.1,6.0
21400042,"NOV 02, 2014 - GSW @ POR",stephen curry,1,1,10:59,missed,2,17.1,1.4
21400042,"NOV 02, 2014 - GSW @ POR",stephen curry,2,1,9:26,made,3,24.6,4.1
21400042,"NOV 02, 2014 - GSW @ POR",stephen curry,3,1,8:12,made,2,3.2,1.9
21400042,"NOV 02, 2014 - GSW @ POR",stephen curry,4,1,7:46,made,2,16.1,2.0
21400042,"NOV 02, 2014 - GSW @ POR",stephen curry,5,1,5:56,missed,3,27.5,3.1
21400042,"NOV 02, 2014 - GSW @ POR",stephen curry,6,1,4:12,missed,2,20.2,3.8
21400042,"NOV 02, 2014 - GSW @ POR",stephen curry,7,2,5:01,made,2,19.3,4.6
21400042,"NOV 02, 2014 - GSW @ POR",stephen curry,8,2,4:23,missed,2,21.0,6.3
21400042,"NOV 02, 2014 - GSW @ POR",stephen curry,9,2,2:49,missed,2,6.1,2.7
21400042,"NOV 02, 2014 - GSW @ POR",stephen curry,10,2,0:22,missed,2,21.7,7.4
21400042,"NOV 02, 2014 - GSW @ POR",stephen curry,11,3,10:55,missed,2,2.3,1.9
21400042,"NOV 02, 2014 - GSW @ POR",stephen curry,12,3,10:14,made,2,18.8,2.9
21400042,"NOV 02, 2014 - GSW @ POR",stephen curry,13,3,8:26,missed,3,24.3,3.0
21400042,"NOV 02, 2014 - GSW @ POR",stephen curry,14,3,7:01,made,2,22.4,2.0
21400042,"NOV 02, 2014 - GSW @ POR",stephen curry,15,3,4:52,missed,3,25.8,6.0
21400042,"NOV 02, 2014 - GSW @ POR",stephen curry,16,3,4:22,missed,3,22.6,5.2
21400042,"NOV 02, 2014 - GSW @ POR",stephen curry,17,4,3:56,missed,2,5.7,3.7
21400042,"NOV 02, 2014 - GSW @ POR",stephen curry,18,4,2:18,missed,2,20.9,2.9
21400068,"NOV 05, 2014 - GSW vs. LAC",stephen curry,1,1,10:31,missed,3,24.3,3.2
21400068,"NOV 05, 2014 - GSW vs. LAC",stephen curry,2,1,7:47,missed,2,6.6,3.3
21400068,"NOV 05, 2014 - GSW vs. LAC",stephen curry,3,1,6:20,made,3,23.4,3.3
21400068,"NOV 05, 2014 - GSW vs. LAC",stephen curry,4,1,6:15,made,2,7.6,6.8
21400068,"NOV 05, 2014 - GSW vs. LAC",stephen curry,5,1,4:28,made,2,3.0,1.0
21400068,"NOV 05, 2014 - GSW vs. LAC",stephen curry,6,1,3:53,missed,2,11.6,5.6
21400068,"NOV 05, 2014 - GSW vs. LAC",stephen curry,7,2,6:21,made,2,20.0,1.8
21400068,"NOV 05, 2014 - GSW vs. LAC",stephen curry,8,2,3:33,made,3,22.7,4.1
21400068,"NOV 05, 2014 - GSW vs. LAC",stephen curry,9,2,3:14,missed,3,26.2,5.0
21400068,"NOV 05, 2014 - GSW vs. LAC",stephen curry,10,2,0:24,made,3,22.6,14.6
21400068,"NOV 05, 2014 - GSW vs. LAC",stephen curry,11,3,11:15,missed,3,22.8,3.9
21400068,"NOV 05, 2014 - GSW vs. LAC",stephen curry,12,4,10:58,missed,2,20.2,3.8
21400068,"NOV 05, 2014 - GSW vs. LAC",stephen curry,13,4,10:37,missed,2,11.6,6.2
21400068,"NOV 05, 2014 - GSW vs. LAC",stephen curry,14,4,10:01,missed,2,4.5,3.1
21400068,"NOV 05, 2014 - GSW vs. LAC",stephen curry,15,4,8:18,made,2,18.8,6.3
21400068,"NOV 05, 2014 - GSW vs. LAC",stephen curry,16,4,7:41,missed,3,25.5,6.1
21400068,"NOV 05, 2014 - GSW vs. LAC",stephen curry,17,4,3:44,made,3,24.6,2.8
21400068,"NOV 05, 2014 - GSW vs. LAC",stephen curry,18,4,3:20,made,2,13.1,2.9
21400087,"NOV 08, 2014 - GSW @ HOU",stephen curry,1,1,8:13,made,2,2.2,3.8
21400087,"NOV 08, 2014 - GSW @ HOU",stephen curry,2,1,7:51,made,2,6.9,3.9
21400087,"NOV 08, 2014 - GSW @ HOU",stephen curry,3,1,7:11,made,3,25.8,3.3
21400087,"NOV 08, 2014 - GSW @ HOU",stephen curry,4,1,6:43,missed,2,16.7,2.1
21400087,"NOV 08, 2014 - GSW @ HOU",stephen curry,5,1,2:25,made,2,20.4,2.2
21400087,"NOV 08, 2014 - GSW @ HOU",stephen curry,6,2,6:41,made,2,1.5,2.4
21400087,"NOV 08, 2014 - GSW @ HOU",stephen curry,7,2,5:41,missed,3,27.3,4.7
21400087,"NOV 08, 2014 - GSW @ HOU",stephen curry,8,2,4:06,missed,2,3.4,3.0
21400087,"NOV 08, 2014 - GSW @ HOU",stephen curry,9,2,1:58,missed,2,21.2,3.3
21400087,"NOV 08, 2014 - GSW @ HOU",stephen curry,10,3,10:05,made,3,25.0,7.5
21400087,"NOV 08, 2014 - GSW @ HOU",stephen curry,11,3,8:37,missed,3,25.0,4.3
21400087,"NOV 08, 2014 - GSW @ HOU",stephen curry,12,3,7:15,made,3,22.4,7.3
21400087,"NOV 08, 2014 - GSW @ HOU",stephen curry,13,3,6:25,made,3,24.6,6.5
21400087,"NOV 08, 2014 - GSW @ HOU",stephen curry,14,3,5:31,missed,3,25.7,4.3
21400087,"NOV 08, 2014 - GSW @ HOU",stephen curry,15,4,6:19,made,2,12.0,5.2
21400087,"NOV 08, 2014 - GSW @ HOU",stephen curry,16,4,4:59,made,2,1.7,4.0
21400087,"NOV 08, 2014 - GSW @ HOU",stephen curry,17,4,2:20,made,3,24.0,5.0
21400087,"NOV 08, 2014 - GSW @ HOU",stephen curry,18,4,1:29,made,2,7.4,2.6
21400087,"NOV 08, 2014 - GSW @ HOU",stephen curry,19,4,1:04,made,3,25.4,4.5
21400095,"NOV 09, 2014 - GSW @ PHX",stephen curry,1,1,9:30,made,3,28.0,5.9
21400095,"NOV 09, 2014 - GSW @ PHX",stephen curry,2,1,9:10,made,2,9.8,4.2
21400095,"NOV 09, 2014 - GSW @ PHX",stephen curry,3,1,8:45,missed,3,27.8,3.7
21400095,"NOV 09, 2014 - GSW @ PHX",stephen curry,4,1,6:51,missed,2,21.9,5.9
21400095,"NOV 09, 2014 - GSW @ PHX",stephen curry,5,1,6:36,made,3,23.3,13.3
21400095,"NOV 09, 2014 - GSW @ PHX",stephen curry,6,1,4:59,missed,3,25.3,7.9
21400095,"NOV 09, 2014 - GSW @ PHX",stephen curry,7,2,6:44,missed,2,7.4,7.5
21400095,"NOV 09, 2014 - GSW @ PHX",stephen curry,8,2,5:42,made,3,22.4,3.9
21400095,"NOV 09, 2014 - GSW @ PHX",stephen curry,9,2,3:43,made,2,8.4,2.8
21400095,"NOV 09, 2014 - GSW @ PHX",stephen curry,10,2,2:50,made,3,24.7,7.8
21400095,"NOV 09, 2014 - GSW @ PHX",stephen curry,11,2,2:42,made,2,0.6,4.0
21400095,"NOV 09, 2014 - GSW @ PHX",stephen curry,12,2,1:40,missed,3,24.0,2.0
21400095,"NOV 09, 2014 - GSW @ PHX",stephen curry,13,3,11:44,missed,3,24.4,11.8
21400095,"NOV 09, 2014 - GSW @ PHX",stephen curry,14,3,11:35,made,2,3.9,3.9
21400095,"NOV 09, 2014 - GSW @ PHX",stephen curry,15,3,9:22,missed,2,18.8,4.1
21400095,"NOV 09, 2014 - GSW @ PHX",stephen curry,16,4,8:47,made,2,11.3,3.1
21400095,"NOV 09, 2014 - GSW @ PHX",stephen curry,17,4,7:54,missed,3,24.7,3.2
21400095,"NOV 09, 2014 - GSW @ PHX",stephen curry,18,4,7:31,made,2,3.3,4.6
21400095,"NOV 09, 2014 - GSW @ PHX",stephen curry,19,4,6:19,missed,3,25.0,4.0
21400095,"NOV 09, 2014 - GSW @ PHX",stephen curry,20,4,2:43,missed,2,21.7,2.8
21400108,"NOV 11, 2014 - GSW vs. SAS",stephen curry,1,1,9:30,missed,3,25.1,3.7
21400108,"NOV 11, 2014 - GSW vs. SAS",stephen curry,2,1,9:12,made,2,10.6,4.2
21400108,"NOV 11, 2014 - GSW vs. SAS",stephen curry,3,1,5:36,missed,2,5.1,2.7
21400108,"NOV 11, 2014 - GSW vs. SAS",stephen curry,4,1,3:18,made,2,2.0,0.5
21400108,"NOV 11, 2014 - GSW vs. SAS",stephen curry,5,1,2:44,made,2,10.6,0.3
21400108,"NOV 11, 2014 - GSW vs. SAS",stephen curry,6,1,2:11,missed,3,23.0,13.0
21400108,"NOV 11, 2014 - GSW vs. SAS",stephen curry,7,2,3:43,missed,3,22.0,8.6
21400108,"NOV 11, 2014 - GSW vs. SAS",stephen curry,8,3,11:04,made,2,5.3,1.4
21400108,"NOV 11, 2014 - GSW vs. SAS",stephen curry,9,3,9:23,made,2,19.0,2.4
21400108,"NOV 11, 2014 - GSW vs. SAS",stephen curry,10,3,8:51,missed,3,25.8,8.3
21400108,"NOV 11, 2014 - GSW vs. SAS",stephen curry,11,3,6:36,made,2,3.2,1.3
21400108,"NOV 11, 2014 - GSW vs. SAS",stephen curry,12,3,5:03,made,2,9.2,5.4
21400108,"NOV 11, 2014 - GSW vs. SAS",stephen curry,13,3,4:28,missed,3,24.3,8.3
21400108,"NOV 11, 2014 - GSW vs. SAS",stephen curry,14,3,3:52,missed,2,3.9,0.5
21400108,"NOV 11, 2014 - GSW vs. SAS",stephen curry,15,4,5:53,missed,2,8.3,1.8
21400108,"NOV 11, 2014 - GSW vs. SAS",stephen curry,16,4,5:19,missed,3,24.9,0.5
21400108,"NOV 11, 2014 - GSW vs. SAS",stephen curry,17,4,4:16,missed,2,17.0,1.6
21400108,"NOV 11, 2014 - GSW vs. SAS",stephen curry,18,4,0:52,missed,3,30.3,3.8
21400121,"NOV 13, 2014 - GSW vs. BKN",stephen curry,1,1,11:24,made,2,21.0,2.5
21400121,"NOV 13, 2014 - GSW vs. BKN",stephen curry,2,1,3:36,missed,3,22.1,2.3
21400121,"NOV 13, 2014 - GSW vs. BKN",stephen curry,3,2,3:24,missed,2,14.8,2.9
21400121,"NOV 13, 2014 - GSW vs. BKN",stephen curry,4,3,11:41,made,3,24.9,3.2
21400121,"NOV 13, 2014 - GSW vs. BKN",stephen curry,5,3,10:15,missed,3,27.2,5.3
21400121,"NOV 13, 2014 - GSW vs. BKN",stephen curry,6,3,5:11,made,2,1.3,1.2
21400121,"NOV 13, 2014 - GSW vs. BKN",stephen curry,7,3,3:33,made,3,23.1,7.5
21400121,"NOV 13, 2014 - GSW vs. BKN",stephen curry,8,4,9:41,missed,3,24.8,4.9
21400121,"NOV 13, 2014 - GSW vs. BKN",stephen curry,9,4,8:50,made,2,1.5,5.1
21400121,"NOV 13, 2014 - GSW vs. BKN",stephen curry,10,4,7:56,missed,2,22.3,4.7
21400121,"NOV 13, 2014 - GSW vs. BKN",stephen curry,11,4,6:28,missed,3,26.1,4.9
21400121,"NOV 13, 2014 - GSW vs. BKN",stephen curry,12,4,5:33,made,3,25.2,3.7
21400140,"NOV 15, 2014 - GSW vs. CHA",stephen curry,1,1,11:48,missed,3,25.0,5.1
21400140,"NOV 15, 2014 - GSW vs. CHA",stephen curry,2,1,7:46,missed,3,24.6,5.7
21400140,"NOV 15, 2014 - GSW vs. CHA",stephen curry,3,1,6:34,made,2,18.7,3.9
21400140,"NOV 15, 2014 - GSW vs. CHA",stephen curry,4,1,4:05,made,2,20.7,5.6
21400140,"NOV 15, 2014 - GSW vs. CHA",stephen curry,5,1,3:41,made,2,19.9,3.5
21400140,"NOV 15, 2014 - GSW vs. CHA",stephen curry,6,1,2:37,missed,3,24.4,3.1
21400140,"NOV 15, 2014 - GSW vs. CHA",stephen curry,7,1,2:20,missed,2,6.0,0.0
21400140,"NOV 15, 2014 - GSW vs. CHA",stephen curry,8,2,4:25,made,2,2.5,4.2
21400140,"NOV 15, 2014 - GSW vs. CHA",stephen curry,9,2,2:44,made,3,23.7,5.1
21400140,"NOV 15, 2014 - GSW vs. CHA",stephen curry,10,2,1:26,made,3,24.9,9.1
21400140,"NOV 15, 2014 - GSW vs. CHA",stephen curry,11,3,11:35,missed,2,16.3,2.5
21400140,"NOV 15, 2014 - GSW vs. CHA",stephen curry,12,3,6:33,missed,2,18.3,3.8
21400140,"NOV 15, 2014 - GSW vs. CHA",stephen curry,13,3,4:59,made,2,1.1,0.1
21400140,"NOV 15, 2014 - GSW vs. CHA",stephen curry,14,3,4:26,missed,2,18.9,2.0
21400140,"NOV 15, 2014 - GSW vs. CHA",stephen curry,15,3,0:01,made,3,26.0,5.2
21400145,"NOV 16, 2014 - GSW @ LAL",stephen curry,1,1,9:42,missed,2,23.8,4.3
21400145,"NOV 16, 2014 - GSW @ LAL",stephen curry,2,1,4:38,made,3,27.0,4.4
21400145,"NOV 16, 2014 - GSW @ LAL",stephen curry,3,1,3:33,missed,2,11.8,1.9
21400145,"NOV 16, 2014 - GSW @ LAL",stephen curry,4,1,1:10,missed,3,21.7,3.7
21400145,"NOV 16, 2014 - GSW @ LAL",stephen curry,5,2,4:17,missed,2,5.5,3.3
21400145,"NOV 16, 2014 - GSW @ LAL",stephen curry,6,2,3:41,made,3,24.3,4.0
21400145,"NOV 16, 2014 - GSW @ LAL",stephen curry,7,2,1:50,made,2,1.0,0.7
21400145,"NOV 16, 2014 - GSW @ LAL",stephen curry,8,2,1:32,made,3,25.6,6.6
21400145,"NOV 16, 2014 - GSW @ LAL",stephen curry,9,2,0:13,missed,2,24.2,4.5
21400145,"NOV 16, 2014 - GSW @ LAL",stephen curry,10,3,10:43,made,3,23.8,5.6
21400145,"NOV 16, 2014 - GSW @ LAL",stephen curry,11,3,10:12,missed,2,9.7,2.9
21400145,"NOV 16, 2014 - GSW @ LAL",stephen curry,12,3,9:35,made,2,1.4,1.6
21400145,"NOV 16, 2014 - GSW @ LAL",stephen curry,13,3,8:56,made,2,1.2,3.1
21400145,"NOV 16, 2014 - GSW @ LAL",stephen curry,14,3,6:48,made,2,7.0,3.0
21400145,"NOV 16, 2014 - GSW @ LAL",stephen curry,15,3,6:20,made,3,25.1,4.6
21400145,"NOV 16, 2014 - GSW @ LAL",stephen curry,16,3,3:02,made,2,3.9,3.3
21400145,"NOV 16, 2014 - GSW @ LAL",stephen curry,17,3,0:55,missed,3,25.5,3.1
21400145,"NOV 16, 2014 - GSW @ LAL",stephen curry,18,3,0:23,missed,3,25.2,3.3
21400145,"NOV 16, 2014 - GSW @ LAL",stephen curry,19,3,0:01,missed,3,37.8,4.6
21400182,"NOV 21, 2014 - GSW vs. UTA",stephen curry,1,1,10:08,made,3,26.4,6.8
21400182,"NOV 21, 2014 - GSW vs. UTA",stephen curry,2,1,9:43,missed,3,26.5,9.7
21400182,"NOV 21, 2014 - GSW vs. UTA",stephen curry,3,1,8:29,missed,2,16.7,3.2
21400182,"NOV 21, 2014 - GSW vs. UTA",stephen curry,4,1,5:01,made,2,3.2,2.0
21400182,"NOV 21, 2014 - GSW vs. UTA",stephen curry,5,1,3:11,missed,3,24.6,5.5
21400182,"NOV 21, 2014 - GSW vs. UTA",stephen curry,6,1,2:23,made,3,26.0,5.1
21400182,"NOV 21, 2014 - GSW vs. UTA",stephen curry,7,1,1:37,missed,2,21.8,1.3
21400182,"NOV 21, 2014 - GSW vs. UTA",stephen curry,8,2,4:09,missed,3,24.4,4.2
21400182,"NOV 21, 2014 - GSW vs. UTA",stephen curry,9,3,3:29,missed,3,24.0,6.2
21400196,"NOV 23, 2014 - GSW @ OKC",stephen curry,1,1,11:16,made,3,25.5,6.2
21400196,"NOV 23, 2014 - GSW @ OKC",stephen curry,2,1,9:51,made,2,20.9,8.9
21400196,"NOV 23, 2014 - GSW @ OKC",stephen curry,3,1,8:42,missed,3,23.9,4.8
21400196,"NOV 23, 2014 - GSW @ OKC",stephen curry,4,1,5:18,made,2,0.6,6.0
21400196,"NOV 23, 2014 - GSW @ OKC",stephen curry,5,1,4:33,made,3,24.6,7.7
21400196,"NOV 23, 2014 - GSW @ OKC",stephen curry,6,1,4:04,missed,3,24.6,3.5
21400196,"NOV 23, 2014 - GSW @ OKC",stephen curry,7,1,3:19,missed,2,5.0,3.5
21400196,"NOV 23, 2014 - GSW @ OKC",stephen curry,8,2,3:38,made,2,7.8,4.2
21400196,"NOV 23, 2014 - GSW @ OKC",stephen curry,9,3,10:51,missed,2,2.2,1.5
21400196,"NOV 23, 2014 - GSW @ OKC",stephen curry,10,3,10:29,missed,2,15.9,6.9
21400196,"NOV 23, 2014 - GSW @ OKC",stephen curry,11,3,7:36,missed,2,4.7,2.6
21400196,"NOV 23, 2014 - GSW @ OKC",stephen curry,12,4,6:45,missed,3,24.3,5.6
21400196,"NOV 23, 2014 - GSW @ OKC",stephen curry,13,4,4:09,missed,2,12.9,4.6
21400196,"NOV 23, 2014 - GSW @ OKC",stephen curry,14,4,3:11,missed,3,24.3,4.4
21400196,"NOV 23, 2014 - GSW @ OKC",stephen curry,15,4,0:39,missed,2,23.1,4.4
21400206,"NOV 25, 2014 - GSW @ MIA",stephen curry,1,1,11:15,made,3,24.8,5.4
21400206,"NOV 25, 2014 - GSW @ MIA",stephen curry,2,1,6:42,made,3,25.2,6.3
21400206,"NOV 25, 2014 - GSW @ MIA",stephen curry,3,1,5:33,missed,3,29.3,5.0
21400206,"NOV 25, 2014 - GSW @ MIA",stephen curry,4,1,1:04,missed,2,14.5,3.3
21400206,"NOV 25, 2014 - GSW @ MIA",stephen curry,5,1,0:30,made,2,3.7,2.8
21400206,"NOV 25, 2014 - GSW @ MIA",stephen curry,6,2,5:02,made,3,24.8,4.4
21400206,"NOV 25, 2014 - GSW @ MIA",stephen curry,7,2,4:18,made,2,8.4,1.8
21400206,"NOV 25, 2014 - GSW @ MIA",stephen curry,8,2,2:15,missed,2,22.4,5.4
21400206,"NOV 25, 2014 - GSW @ MIA",stephen curry,9,2,1:26,made,3,24.8,3.7
21400206,"NOV 25, 2014 - GSW @ MIA",stephen curry,10,3,7:31,made,3,24.7,5.1
21400206,"NOV 25, 2014 - GSW @ MIA",stephen curry,11,3,6:51,made,3,23.2,3.3
21400206,"NOV 25, 2014 - GSW @ MIA",stephen curry,12,3,6:12,missed,2,2.0,2.2
21400206,"NOV 25, 2014 - GSW @ MIA",stephen curry,13,3,3:39,missed,3,24.8,8.9
21400206,"NOV 25, 2014 - GSW @ MIA",stephen curry,14,3,2:56,made,2,0.8,3.4
21400206,"NOV 25, 2014 - GSW @ MIA",stephen curry,15,3,2:23,made,3,26.3,3.3
21400206,"NOV 25, 2014 - GSW @ MIA",stephen curry,16,3,1:29,missed,3,24.7,4.7
21400206,"NOV 25, 2014 - GSW @ MIA",stephen curry,17,4,3:32,made,3,25.1,3.5
21400206,"NOV 25, 2014 - GSW @ MIA",stephen curry,18,4,2:21,missed,2,5.5,3.8
21400206,"NOV 25, 2014 - GSW @ MIA",stephen curry,19,4,1:14,made,2,1.0,3.7
21400212,"NOV 26, 2014 - GSW @ ORL",stephen curry,1,1,8:27,made,2,9.0,2.1
21400212,"NOV 26, 2014 - GSW @ ORL",stephen curry,2,1,6:26,made,3,26.5,5.9
21400212,"NOV 26, 2014 - GSW @ ORL",stephen curry,3,1,5:16,missed,2,6.8,3.3
21400212,"NOV 26, 2014 - GSW @ ORL",stephen curry,4,1,4:22,made,3,25.4,3.6
21400212,"NOV 26, 2014 - GSW @ ORL",stephen curry,5,1,3:20,made,3,22.8,14.0
21400212,"NOV 26, 2014 - GSW @ ORL",stephen curry,6,1,2:18,made,3,26.9,4.2
21400212,"NOV 26, 2014 - GSW @ ORL",stephen curry,7,2,4:58,made,2,16.8,3.8
21400212,"NOV 26, 2014 - GSW @ ORL",stephen curry,8,2,3:30,made,3,27.2,5.3
21400212,"NOV 26, 2014 - GSW @ ORL",stephen curry,9,2,0:37,made,2,19.6,7.1
21400212,"NOV 26, 2014 - GSW @ ORL",stephen curry,10,2,0:09,missed,2,13.8,2.5
21400212,"NOV 26, 2014 - GSW @ ORL",stephen curry,11,3,7:02,made,3,26.5,7.3
21400212,"NOV 26, 2014 - GSW @ ORL",stephen curry,12,3,5:41,missed,3,27.3,8.3
21400212,"NOV 26, 2014 - GSW @ ORL",stephen curry,13,3,4:37,missed,3,24.7,4.0
21400224,"NOV 28, 2014 - GSW @ CHA",stephen curry,1,1,10:48,made,3,24.4,3.2
21400224,"NOV 28, 2014 - GSW @ CHA",stephen curry,2,1,8:50,missed,3,26.1,4.0
21400224,"NOV 28, 2014 - GSW @ CHA",stephen curry,3,1,7:55,made,2,2.1,3.3
21400224,"NOV 28, 2014 - GSW @ CHA",stephen curry,4,1,7:27,missed,3,26.3,7.0
21400224,"NOV 28, 2014 - GSW @ CHA",stephen curry,5,1,7:17,made,2,15.4,4.9
21400224,"NOV 28, 2014 - GSW @ CHA",stephen curry,6,1,4:00,missed,2,7.3,0.8
21400224,"NOV 28, 2014 - GSW @ CHA",stephen curry,7,1,2:39,missed,3,25.0,3.8
21400224,"NOV 28, 2014 - GSW @ CHA",stephen curry,8,3,10:56,made,2,8.5,2.9
21400224,"NOV 28, 2014 - GSW @ CHA",stephen curry,9,3,10:24,missed,3,25.9,3.5
21400224,"NOV 28, 2014 - GSW @ CHA",stephen curry,10,3,8:43,made,2,3.7,3.0
21400224,"NOV 28, 2014 - GSW @ CHA",stephen curry,11,3,5:06,missed,3,24.2,2.6
21400224,"NOV 28, 2014 - GSW @ CHA",stephen curry,12,3,4:15,made,2,9.8,0.8
21400224,"NOV 28, 2014 - GSW @ CHA",stephen curry,13,3,3:50,missed,2,10.6,3.7
21400224,"NOV 28, 2014 - GSW @ CHA",stephen curry,14,3,3:45,missed,3,22.8,5.6
21400224,"NOV 28, 2014 - GSW @ CHA",stephen curry,15,3,3:18,missed,3,25.1,15.1
21400224,"NOV 28, 2014 - GSW @ CHA",stephen curry,16,3,2:48,missed,3,23.8,2.8
21400224,"NOV 28, 2014 - GSW @ CHA",stephen curry,17,3,0:29,missed,3,24.3,6.0
21400224,"NOV 28, 2014 - GSW @ CHA",stephen curry,18,4,3:42,made,2,0.9,3.0
21400224,"NOV 28, 2014 - GSW @ CHA",stephen curry,19,4,2:36,made,2,2.9,5.1
21400224,"NOV 28, 2014 - GSW @ CHA",stephen curry,20,4,1:45,made,2,3.7,2.0
21400243,"NOV 30, 2014 - GSW @ DET",stephen curry,1,1,9:09,missed,3,26.3,4.5
21400243,"NOV 30, 2014 - GSW @ DET",stephen curry,2,1,7:29,missed,2,4.4,3.4
21400243,"NOV 30, 2014 - GSW @ DET",stephen curry,3,1,7:06,made,2,1.0,4.4
21400243,"NOV 30, 2014 - GSW @ DET",stephen curry,4,1,3:43,made,2,8.4,5.8
21400243,"NOV 30, 2014 - GSW @ DET",stephen curry,5,1,3:18,missed,2,21.7,2.3
21400243,"NOV 30, 2014 - GSW @ DET",stephen curry,6,2,5:10,made,2,11.6,4.6
21400243,"NOV 30, 2014 - GSW @ DET",stephen curry,7,2,1:40,made,3,25.7,2.3
21400243,"NOV 30, 2014 - GSW @ DET",stephen curry,8,3,11:00,made,2,16.9,4.2
21400243,"NOV 30, 2014 - GSW @ DET",stephen curry,9,4,10:00,missed,3,24.2,8.4
21400262,"DEC 02, 2014 - GSW vs. ORL",stephen curry,1,1,9:41,missed,3,23.2,3.7
21400262,"DEC 02, 2014 - GSW vs. ORL",stephen curry,2,1,6:51,made,2,8.8,2.4
21400262,"DEC 02, 2014 - GSW vs. ORL",stephen curry,3,1,6:06,missed,3,24.0,6.7
21400262,"DEC 02, 2014 - GSW vs. ORL",stephen curry,4,1,1:25,missed,2,8.0,4.3
21400262,"DEC 02, 2014 - GSW vs. ORL",stephen curry,5,2,0:34,made,3,26.6,2.5
21400262,"DEC 02, 2014 - GSW vs. ORL",stephen curry,6,3,10:31,made,2,3.6,2.1
21400262,"DEC 02, 2014 - GSW vs. ORL",stephen curry,7,3,8:38,made,2,6.6,0.0
21400262,"DEC 02, 2014 - GSW vs. ORL",stephen curry,8,3,6:14,missed,2,19.5,3.6
21400262,"DEC 02, 2014 - GSW vs. ORL",stephen curry,9,3,5:42,missed,2,5.8,1.8
21400262,"DEC 02, 2014 - GSW vs. ORL",stephen curry,10,3,2:50,made,2,1.5,3.5
21400262,"DEC 02, 2014 - GSW vs. ORL",stephen curry,11,3,1:17,made,2,10.4,5.7
21400262,"DEC 02, 2014 - GSW vs. ORL",stephen curry,12,3,0:51,missed,3,26.4,4.6
21400262,"DEC 02, 2014 - GSW vs. ORL",stephen curry,13,4,4:55,missed,3,24.2,2.7
21400262,"DEC 02, 2014 - GSW vs. ORL",stephen curry,14,4,4:02,made,3,24.5,1.8
21400262,"DEC 02, 2014 - GSW vs. ORL",stephen curry,15,4,1:04,missed,3,23.4,0.2
21400262,"DEC 02, 2014 - GSW vs. ORL",stephen curry,16,4,0:58,missed,3,24.7,3.6
21400262,"DEC 02, 2014 - GSW vs. ORL",stephen curry,17,4,0:04,made,3,26.1,5.2
21400275,"DEC 04, 2014 - GSW vs. NOP",stephen curry,1,1,10:38,made,2,4.6,2.6
21400275,"DEC 04, 2014 - GSW vs. NOP",stephen curry,2,1,10:12,missed,2,11.1,5.1
21400275,"DEC 04, 2014 - GSW vs. NOP",stephen curry,3,1,9:34,made,3,25.2,4.6
21400275,"DEC 04, 2014 - GSW vs. NOP",stephen curry,4,1,6:11,missed,2,3.8,1.1
21400275,"DEC 04, 2014 - GSW vs. NOP",stephen curry,5,1,3:41,made,2,2.7,3.9
21400275,"DEC 04, 2014 - GSW vs. NOP",stephen curry,6,1,2:24,missed,2,8.7,3.7
21400275,"DEC 04, 2014 - GSW vs. NOP",stephen curry,7,2,3:38,missed,2,12.0,6.2
21400275,"DEC 04, 2014 - GSW vs. NOP",stephen curry,8,2,2:40,made,2,2.6,2.1
21400275,"DEC 04, 2014 - GSW vs. NOP",stephen curry,9,2,1:39,made,3,24.1,3.3
21400275,"DEC 04, 2014 - GSW vs. NOP",stephen curry,10,2,1:11,missed,3,24.6,6.0
21400275,"DEC 04, 2014 - GSW vs. NOP",stephen curry,11,3,9:50,missed,3,25.0,6.2
21400275,"DEC 04, 2014 - GSW vs. NOP",stephen curry,12,3,7:12,missed,2,3.4,2.4
21400275,"DEC 04, 2014 - GSW vs. NOP",stephen curry,13,3,5:39,missed,2,8.1,0.0
21400275,"DEC 04, 2014 - GSW vs. NOP",stephen curry,14,3,5:03,made,2,16.4,5.8
21400275,"DEC 04, 2014 - GSW vs. NOP",stephen curry,15,3,3:07,made,2,4.5,3.0
21400275,"DEC 04, 2014 - GSW vs. NOP",stephen curry,16,4,5:25,made,3,22.9,6.0
21400275,"DEC 04, 2014 - GSW vs. NOP",stephen curry,17,4,4:39,missed,3,24.2,5.6
21400289,"DEC 06, 2014 - GSW @ CHI",stephen curry,1,1,10:54,missed,3,24.9,2.9
21400289,"DEC 06, 2014 - GSW @ CHI",stephen curry,2,1,7:43,made,2,20.9,3.3
21400289,"DEC 06, 2014 - GSW @ CHI",stephen curry,3,1,4:38,missed,2,19.7,4.8
21400289,"DEC 06, 2014 - GSW @ CHI",stephen curry,4,1,2:16,missed,2,11.9,1.7
21400289,"DEC 06, 2014 - GSW @ CHI",stephen curry,5,2,6:18,made,2,2.5,6.1
21400289,"DEC 06, 2014 - GSW @ CHI",stephen curry,6,3,10:43,made,2,5.5,1.5
21400289,"DEC 06, 2014 - GSW @ CHI",stephen curry,7,3,8:10,missed,2,8.8,2.0
21400289,"DEC 06, 2014 - GSW @ CHI",stephen curry,8,3,7:08,missed,2,9.1,1.3
21400289,"DEC 06, 2014 - GSW @ CHI",stephen curry,9,3,5:55,made,2,13.5,4.0
21400289,"DEC 06, 2014 - GSW @ CHI",stephen curry,10,3,2:38,made,3,24.0,6.8
21400289,"DEC 06, 2014 - GSW @ CHI",stephen curry,11,3,2:11,missed,3,26.7,5.8
21400289,"DEC 06, 2014 - GSW @ CHI",stephen curry,12,3,0:02,missed,2,19.7,6.2
21400289,"DEC 06, 2014 - GSW @ CHI",stephen curry,13,4,4:52,missed,3,23.2,10.1
21400289,"DEC 06, 2014 - GSW @ CHI",stephen curry,14,4,2:45,missed,3,25.6,6.9
21400305,"DEC 08, 2014 - GSW @ MIN",stephen curry,1,1,10:34,made,2,3.2,5.2
21400305,"DEC 08, 2014 - GSW @ MIN",stephen curry,2,1,9:46,missed,3,25.7,5.1
21400305,"DEC 08, 2014 - GSW @ MIN",stephen curry,3,1,7:33,missed,2,16.6,3.6
21400305,"DEC 08, 2014 - GSW @ MIN",stephen curry,4,1,4:40,made,2,21.2,7.0
21400305,"DEC 08, 2014 - GSW @ MIN",stephen curry,5,1,4:09,made,2,12.4,5.6
21400305,"DEC 08, 2014 - GSW @ MIN",stephen curry,6,1,3:37,made,2,3.2,3.0
21400305,"DEC 08, 2014 - GSW @ MIN",stephen curry,7,1,2:39,missed,2,6.1,2.8
21400305,"DEC 08, 2014 - GSW @ MIN",stephen curry,8,2,5:43,missed,3,26.4,8.8
21400305,"DEC 08, 2014 - GSW @ MIN",stephen curry,9,2,2:15,made,2,13.8,2.6
21400305,"DEC 08, 2014 - GSW @ MIN",stephen curry,10,2,1:35,missed,3,26.0,21.8
21400305,"DEC 08, 2014 - GSW @ MIN",stephen curry,11,2,0:11,missed,3,25.3,5.0
21400305,"DEC 08, 2014 - GSW @ MIN",stephen curry,12,3,10:15,made,2,21.7,4.7
21400305,"DEC 08, 2014 - GSW @ MIN",stephen curry,13,3,9:17,made,2,1.3,1.4
21400305,"DEC 08, 2014 - GSW @ MIN",stephen curry,14,3,8:20,made,2,14.2,3.8
21400305,"DEC 08, 2014 - GSW @ MIN",stephen curry,15,3,7:40,missed,2,5.1,2.0
21400305,"DEC 08, 2014 - GSW @ MIN",stephen curry,16,3,5:24,missed,3,24.0,5.8
21400305,"DEC 08, 2014 - GSW @ MIN",stephen curry,17,3,4:07,made,3,25.8,10.6
21400305,"DEC 08, 2014 - GSW @ MIN",stephen curry,18,3,0:33,missed,3,24.6,8.8
21400305,"DEC 08, 2014 - GSW @ MIN",stephen curry,19,4,5:25,made,2,20.0,5.5
21400305,"DEC 08, 2014 - GSW @ MIN",stephen curry,20,4,4:06,missed,2,23.2,5.1
21400324,"DEC 10, 2014 - GSW vs. HOU",stephen curry,1,1,10:19,missed,3,27.3,13.5
21400324,"DEC 10, 2014 - GSW vs. HOU",stephen curry,2,1,3:57,made,2,14.0,9.3
21400324,"DEC 10, 2014 - GSW vs. HOU",stephen curry,3,1,3:32,missed,3,25.5,3.0
21400324,"DEC 10, 2014 - GSW vs. HOU",stephen curry,4,2,6:29,missed,2,4.4,1.8
21400324,"DEC 10, 2014 - GSW vs. HOU",stephen curry,5,2,4:00,missed,2,19.1,3.7
21400324,"DEC 10, 2014 - GSW vs. HOU",stephen curry,6,2,3:00,missed,2,19.0,4.9
21400324,"DEC 10, 2014 - GSW vs. HOU",stephen curry,7,2,1:44,made,3,22.4,4.3
21400324,"DEC 10, 2014 - GSW vs. HOU",stephen curry,8,2,0:51,made,2,5.9,2.4
21400324,"DEC 10, 2014 - GSW vs. HOU",stephen curry,9,2,0:07,made,3,27.3,5.0
21400324,"DEC 10, 2014 - GSW vs. HOU",stephen curry,10,3,8:27,missed,2,24.2,6.5
21400324,"DEC 10, 2014 - GSW vs. HOU",stephen curry,11,4,7:07,made,2,4.6,4.3
21400324,"DEC 10, 2014 - GSW vs. HOU",stephen curry,12,4,5:09,made,2,9.8,1.8
21400324,"DEC 10, 2014 - GSW vs. HOU",stephen curry,13,4,3:01,made,2,0.4,2.8
21400324,"DEC 10, 2014 - GSW vs. HOU",stephen curry,14,4,0:57,made,3,27.9,6.4
21400324,"DEC 10, 2014 - GSW vs. HOU",stephen curry,15,4,0:19,missed,2,1.7,2.0
21400340,"DEC 13, 2014 - GSW @ DAL",stephen curry,1,1,10:34,made,2,11.5,3.7
21400340,"DEC 13, 2014 - GSW @ DAL",stephen curry,2,1,9:58,missed,3,25.5,9.5
21400340,"DEC 13, 2014 - GSW @ DAL",stephen curry,3,1,8:50,made,3,24.9,4.4
21400340,"DEC 13, 2014 - GSW @ DAL",stephen curry,4,1,4:17,made,3,29.5,6.2
21400340,"DEC 13, 2014 - GSW @ DAL",stephen curry,5,1,3:22,missed,3,25.8,5.7
21400340,"DEC 13, 2014 - GSW @ DAL",stephen curry,6,1,2:45,missed,2,8.6,1.7
21400340,"DEC 13, 2014 - GSW @ DAL",stephen curry,7,1,0:53,made,2,1.2,0.0
21400340,"DEC 13, 2014 - GSW @ DAL",stephen curry,8,1,0:34,made,3,24.0,4.4
21400340,"DEC 13, 2014 - GSW @ DAL",stephen curry,9,1,0:01,missed,3,24.4,4.8
21400340,"DEC 13, 2014 - GSW @ DAL",stephen curry,10,2,3:46,missed,3,23.0,13.5
21400340,"DEC 13, 2014 - GSW @ DAL",stephen curry,11,2,2:24,made,2,3.0,2.8
21400340,"DEC 13, 2014 - GSW @ DAL",stephen curry,12,2,0:41,missed,3,24.4,3.4
21400340,"DEC 13, 2014 - GSW @ DAL",stephen curry,13,2,0:07,made,2,8.1,3.1
21400340,"DEC 13, 2014 - GSW @ DAL",stephen curry,14,3,10:35,missed,3,26.1,6.8
21400340,"DEC 13, 2014 - GSW @ DAL",stephen curry,15,3,8:29,missed,2,21.4,6.0
21400340,"DEC 13, 2014 - GSW @ DAL",stephen curry,16,3,5:28,missed,3,26.4,4.0
21400340,"DEC 13, 2014 - GSW @ DAL",stephen curry,17,3,2:27,made,2,5.2,3.2
21400340,"DEC 13, 2014 - GSW @ DAL",stephen curry,18,3,2:08,missed,2,19.1,7.1
21400340,"DEC 13, 2014 - GSW @ DAL",stephen curry,19,4,7:07,made,2,6.0,3.7
21400340,"DEC 13, 2014 - GSW @ DAL",stephen curry,20,4,6:20,missed,3,25.3,8.0
21400340,"DEC 13, 2014 - GSW @ DAL",stephen curry,21,4,3:18,missed,2,17.7,2.4
21400340,"DEC 13, 2014 - GSW @ DAL",stephen curry,22,4,1:41,missed,2,7.3,2.9
21400348,"DEC 14, 2014 - GSW @ NOP",stephen curry,1,1,11:01,missed,2,2.0,2.4
21400348,"DEC 14, 2014 - GSW @ NOP",stephen curry,2,1,10:11,made,2,17.8,9.1
21400348,"DEC 14, 2014 - GSW @ NOP",stephen curry,3,1,9:17,made,3,25.9,6.0
21400348,"DEC 14, 2014 - GSW @ NOP",stephen curry,4,1,8:46,missed,3,24.0,3.6
21400348,"DEC 14, 2014 - GSW @ NOP",stephen curry,5,1,8:02,made,2,6.3,3.9
21400348,"DEC 14, 2014 - GSW @ NOP",stephen curry,6,1,6:42,made,3,25.7,5.2
21400348,"DEC 14, 2014 - GSW @ NOP",stephen curry,7,1,5:39,made,3,24.9,6.6
21400348,"DEC 14, 2014 - GSW @ NOP",stephen curry,8,2,4:57,made,2,23.9,4.8
21400348,"DEC 14, 2014 - GSW @ NOP",stephen curry,9,2,3:00,missed,2,7.7,1.9
21400348,"DEC 14, 2014 - GSW @ NOP",stephen curry,10,2,0:03,missed,2,19.6,3.2
21400348,"DEC 14, 2014 - GSW @ NOP",stephen curry,11,3,9:19,made,3,25.9,4.9
21400348,"DEC 14, 2014 - GSW @ NOP",stephen curry,12,3,8:25,missed,3,28.5,5.3
21400348,"DEC 14, 2014 - GSW @ NOP",stephen curry,13,3,6:37,made,2,4.0,4.9
21400348,"DEC 14, 2014 - GSW @ NOP",stephen curry,14,3,4:32,missed,2,20.0,4.6
21400348,"DEC 14, 2014 - GSW @ NOP",stephen curry,15,4,5:40,missed,3,26.6,2.5
21400348,"DEC 14, 2014 - GSW @ NOP",stephen curry,16,4,5:14,missed,3,25.1,6.9
21400348,"DEC 14, 2014 - GSW @ NOP",stephen curry,17,4,1:37,missed,2,6.9,0.5
21400348,"DEC 14, 2014 - GSW @ NOP",stephen curry,18,5,3:29,made,3,25.0,5.7
21400348,"DEC 14, 2014 - GSW @ NOP",stephen curry,19,5,2:40,made,3,24.9,3.4
21400348,"DEC 14, 2014 - GSW @ NOP",stephen curry,20,5,0:37,missed,2,6.7,3.1
21400365,"DEC 16, 2014 - GSW @ MEM",stephen curry,1,1,8:28,made,2,18.6,6.4
21400365,"DEC 16, 2014 - GSW @ MEM",stephen curry,2,1,8:03,missed,3,29.9,5.5
21400365,"DEC 16, 2014 - GSW @ MEM",stephen curry,3,1,6:39,made,2,6.3,2.5
21400365,"DEC 16, 2014 - GSW @ MEM",stephen curry,4,1,6:17,missed,2,18.4,3.9
21400365,"DEC 16, 2014 - GSW @ MEM",stephen curry,5,1,4:42,made,2,4.6,2.2
21400365,"DEC 16, 2014 - GSW @ MEM",stephen curry,6,1,3:12,missed,3,25.7,3.1
21400365,"DEC 16, 2014 - GSW @ MEM",stephen curry,7,2,6:21,made,2,2.3,1.2
21400365,"DEC 16, 2014 - GSW @ MEM",stephen curry,8,2,2:45,made,2,1.4,2.0
21400365,"DEC 16, 2014 - GSW @ MEM",stephen curry,9,2,2:11,missed,3,23.5,2.6
21400365,"DEC 16, 2014 - GSW @ MEM",stephen curry,10,2,1:25,missed,3,25.0,7.4
21400365,"DEC 16, 2014 - GSW @ MEM",stephen curry,11,3,8:18,made,2,14.4,3.3
21400365,"DEC 16, 2014 - GSW @ MEM",stephen curry,12,3,7:35,missed,2,1.0,4.9
21400365,"DEC 16, 2014 - GSW @ MEM",stephen curry,13,3,7:10,missed,3,25.8,3.4
21400365,"DEC 16, 2014 - GSW @ MEM",stephen curry,14,3,5:50,missed,2,21.0,4.0
21400365,"DEC 16, 2014 - GSW @ MEM",stephen curry,15,3,2:36,missed,2,3.6,3.7
21400365,"DEC 16, 2014 - GSW @ MEM",stephen curry,16,3,2:18,made,3,27.0,5.8
21400365,"DEC 16, 2014 - GSW @ MEM",stephen curry,17,3,1:32,missed,3,24.4,2.7
21400365,"DEC 16, 2014 - GSW @ MEM",stephen curry,18,3,1:22,missed,2,8.6,2.4
21400365,"DEC 16, 2014 - GSW @ MEM",stephen curry,19,4,7:12,made,2,14.8,5.1
21400365,"DEC 16, 2014 - GSW @ MEM",stephen curry,20,4,5:57,missed,3,26.0,3.8
21400365,"DEC 16, 2014 - GSW @ MEM",stephen curry,21,4,3:18,missed,2,22.0,2.9
21400365,"DEC 16, 2014 - GSW @ MEM",stephen curry,22,4,1:09,missed,2,2.4,3.5
21400365,"DEC 16, 2014 - GSW @ MEM",stephen curry,23,4,0:39,made,2,2.7,1.6
21400365,"DEC 16, 2014 - GSW @ MEM",stephen curry,24,4,0:09,missed,3,27.2,3.3
21400365,"DEC 16, 2014 - GSW @ MEM",stephen curry,25,4,0:05,missed,3,29.4,9.2
21400382,"DEC 18, 2014 - GSW vs. OKC",stephen curry,1,1,9:46,made,3,24.5,5.7
21400382,"DEC 18, 2014 - GSW vs. OKC",stephen curry,2,1,7:09,missed,3,24.3,3.5
21400382,"DEC 18, 2014 - GSW vs. OKC",stephen curry,3,1,6:21,missed,2,16.9,5.2
21400382,"DEC 18, 2014 - GSW vs. OKC",stephen curry,4,1,3:17,made,3,26.3,9.5
21400382,"DEC 18, 2014 - GSW vs. OKC",stephen curry,5,2,11:06,missed,3,25.7,6.7
21400382,"DEC 18, 2014 - GSW vs. OKC",stephen curry,6,2,9:00,made,2,4.5,3.7
21400382,"DEC 18, 2014 - GSW vs. OKC",stephen curry,7,2,7:39,made,3,24.5,4.7
21400382,"DEC 18, 2014 - GSW vs. OKC",stephen curry,8,2,6:25,missed,3,29.3,5.2
21400382,"DEC 18, 2014 - GSW vs. OKC",stephen curry,9,2,4:30,made,3,27.2,5.0
21400382,"DEC 18, 2014 - GSW vs. OKC",stephen curry,10,2,3:59,made,2,4.7,0.6
21400382,"DEC 18, 2014 - GSW vs. OKC",stephen curry,11,2,3:33,missed,3,26.2,2.5
21400382,"DEC 18, 2014 - GSW vs. OKC",stephen curry,12,2,0:48,made,2,3.8,2.2
21400382,"DEC 18, 2014 - GSW vs. OKC",stephen curry,13,3,10:31,missed,2,8.5,2.5
21400382,"DEC 18, 2014 - GSW vs. OKC",stephen curry,14,3,9:30,made,2,2.8,1.4
21400382,"DEC 18, 2014 - GSW vs. OKC",stephen curry,15,3,6:40,made,2,15.2,5.0
21400382,"DEC 18, 2014 - GSW vs. OKC",stephen curry,16,4,9:16,missed,2,19.3,4.4
21400382,"DEC 18, 2014 - GSW vs. OKC",stephen curry,17,4,8:09,made,3,24.1,5.0
21400382,"DEC 18, 2014 - GSW vs. OKC",stephen curry,18,4,6:44,made,2,1.5,3.5
21400382,"DEC 18, 2014 - GSW vs. OKC",stephen curry,19,4,5:33,missed,3,24.2,5.1
21400382,"DEC 18, 2014 - GSW vs. OKC",stephen curry,20,4,4:41,missed,3,22.9,4.6
21400382,"DEC 18, 2014 - GSW vs. OKC",stephen curry,21,4,2:43,made,2,16.0,5.7
21400382,"DEC 18, 2014 - GSW vs. OKC",stephen curry,22,4,1:40,made,2,6.2,1.5
21400382,"DEC 18, 2014 - GSW vs. OKC",stephen curry,23,4,1:19,made,2,4.1,3.7
21400382,"DEC 18, 2014 - GSW vs. OKC",stephen curry,24,4,0:52,missed,3,27.4,4.4
21400415,"DEC 22, 2014 - GSW vs. SAC",stephen curry,1,1,10:10,missed,3,26.6,13.6
21400415,"DEC 22, 2014 - GSW vs. SAC",stephen curry,2,1,7:13,missed,2,6.1,3.2
21400415,"DEC 22, 2014 - GSW vs. SAC",stephen curry,3,1,6:35,made,2,7.7,5.7
21400415,"DEC 22, 2014 - GSW vs. SAC",stephen curry,4,1,2:35,made,2,6.7,1.8
21400415,"DEC 22, 2014 - GSW vs. SAC",stephen curry,5,1,2:22,made,2,0.9,4.6
21400415,"DEC 22, 2014 - GSW vs. SAC",stephen curry,6,1,1:57,made,3,27.2,5.0
21400415,"DEC 22, 2014 - GSW vs. SAC",stephen curry,7,1,0:28,missed,2,1.4,5.4
21400415,"DEC 22, 2014 - GSW vs. SAC",stephen curry,8,2,5:28,missed,3,24.3,4.5
21400415,"DEC 22, 2014 - GSW vs. SAC",stephen curry,9,2,0:34,made,2,12.5,2.6
21400415,"DEC 22, 2014 - GSW vs. SAC",stephen curry,10,3,11:06,missed,2,19.9,6.9
21400415,"DEC 22, 2014 - GSW vs. SAC",stephen curry,11,3,7:40,missed,3,24.0,4.2
21400415,"DEC 22, 2014 - GSW vs. SAC",stephen curry,12,3,6:44,missed,3,21.3,5.4
21400426,"DEC 23, 2014 - GSW @ LAL",stephen curry,1,1,9:40,made,2,6.1,1.6
21400426,"DEC 23, 2014 - GSW @ LAL",stephen curry,2,1,5:35,made,3,23.8,3.2
21400426,"DEC 23, 2014 - GSW @ LAL",stephen curry,3,1,5:00,missed,3,26.3,2.9
21400426,"DEC 23, 2014 - GSW @ LAL",stephen curry,4,1,3:31,made,2,5.8,3.0
21400426,"DEC 23, 2014 - GSW @ LAL",stephen curry,5,2,6:56,made,2,3.4,2.9
21400426,"DEC 23, 2014 - GSW @ LAL",stephen curry,6,2,3:34,made,2,6.7,1.7
21400426,"DEC 23, 2014 - GSW @ LAL",stephen curry,7,2,2:33,missed,3,26.3,4.8
21400426,"DEC 23, 2014 - GSW @ LAL",stephen curry,8,2,0:52,made,2,12.5,3.6
21400426,"DEC 23, 2014 - GSW @ LAL",stephen curry,9,2,0:37,missed,2,11.9,4.2
21400426,"DEC 23, 2014 - GSW @ LAL",stephen curry,10,3,8:54,made,2,18.6,12.6
21400426,"DEC 23, 2014 - GSW @ LAL",stephen curry,11,3,8:32,made,2,19.0,5.8
21400426,"DEC 23, 2014 - GSW @ LAL",stephen curry,12,3,8:04,made,3,25.4,3.5
21400426,"DEC 23, 2014 - GSW @ LAL",stephen curry,13,3,7:38,missed,3,28.7,6.3
21400426,"DEC 23, 2014 - GSW @ LAL",stephen curry,14,3,7:12,made,2,17.5,2.2
21400431,"DEC 25, 2014 - GSW @ LAC",stephen curry,1,1,10:55,made,2,16.8,6.5
21400431,"DEC 25, 2014 - GSW @ LAC",stephen curry,2,1,10:41,made,3,23.7,3.2
21400431,"DEC 25, 2014 - GSW @ LAC",stephen curry,3,1,10:13,missed,3,25.7,2.2
21400431,"DEC 25, 2014 - GSW @ LAC",stephen curry,4,2,4:39,missed,3,26.2,5.1
21400431,"DEC 25, 2014 - GSW @ LAC",stephen curry,5,2,2:46,made,2,23.1,5.5
21400431,"DEC 25, 2014 - GSW @ LAC",stephen curry,6,3,8:31,made,2,4.6,4.5
21400431,"DEC 25, 2014 - GSW @ LAC",stephen curry,7,3,2:21,made,2,20.6,3.4
21400431,"DEC 25, 2014 - GSW @ LAC",stephen curry,8,4,11:23,missed,3,24.7,3.4
21400431,"DEC 25, 2014 - GSW @ LAC",stephen curry,9,4,10:19,missed,2,6.0,2.1
21400431,"DEC 25, 2014 - GSW @ LAC",stephen curry,10,4,9:48,missed,2,16.5,0.9
21400431,"DEC 25, 2014 - GSW @ LAC",stephen curry,11,4,7:50,missed,3,24.8,0.7
21400431,"DEC 25, 2014 - GSW @ LAC",stephen curry,12,4,3:23,missed,2,22.1,1.8
21400452,"DEC 27, 2014 - GSW vs. MIN",stephen curry,1,1,8:41,missed,3,25.1,5.9
21400452,"DEC 27, 2014 - GSW vs. MIN",stephen curry,2,1,7:53,missed,2,17.0,3.5
21400452,"DEC 27, 2014 - GSW vs. MIN",stephen curry,3,1,6:47,made,3,22.4,4.7
21400452,"DEC 27, 2014 - GSW vs. MIN",stephen curry,4,1,3:59,made,2,3.7,1.0
21400452,"DEC 27, 2014 - GSW vs. MIN",stephen curry,5,1,3:15,made,2,16.6,3.2
21400452,"DEC 27, 2014 - GSW vs. MIN",stephen curry,6,1,0:48,made,3,23.9,9.1
21400452,"DEC 27, 2014 - GSW vs. MIN",stephen curry,7,1,0:01,missed,3,42.5,5.4
21400452,"DEC 27, 2014 - GSW vs. MIN",stephen curry,8,2,4:03,missed,2,2.4,4.0
21400452,"DEC 27, 2014 - GSW vs. MIN",stephen curry,9,2,2:26,made,2,3.1,9.3
21400452,"DEC 27, 2014 - GSW vs. MIN",stephen curry,10,2,1:13,missed,3,24.7,10.1
21400452,"DEC 27, 2014 - GSW vs. MIN",stephen curry,11,2,0:53,missed,3,24.6,8.8
21400452,"DEC 27, 2014 - GSW vs. MIN",stephen curry,12,2,0:10,missed,2,16.6,4.0
21400452,"DEC 27, 2014 - GSW vs. MIN",stephen curry,13,3,9:53,made,3,22.8,11.4
21400452,"DEC 27, 2014 - GSW vs. MIN",stephen curry,14,3,8:26,made,2,4.3,0.5
21400452,"DEC 27, 2014 - GSW vs. MIN",stephen curry,15,3,6:38,made,2,24.2,16.4
21400452,"DEC 27, 2014 - GSW vs. MIN",stephen curry,16,3,6:03,missed,3,24.8,4.5
21400452,"DEC 27, 2014 - GSW vs. MIN",stephen curry,17,3,5:03,made,3,23.4,9.7
21400452,"DEC 27, 2014 - GSW vs. MIN",stephen curry,18,3,0:40,missed,2,6.2,5.0
21400474,"DEC 30, 2014 - GSW vs. PHI",stephen curry,1,1,6:38,missed,3,24.9,7.0
21400474,"DEC 30, 2014 - GSW vs. PHI",stephen curry,2,1,4:51,made,3,24.4,4.2
21400474,"DEC 30, 2014 - GSW vs. PHI",stephen curry,3,1,3:23,made,3,24.6,5.6
21400474,"DEC 30, 2014 - GSW vs. PHI",stephen curry,4,1,1:44,missed,3,24.7,6.8
21400474,"DEC 30, 2014 - GSW vs. PHI",stephen curry,5,3,8:37,made,2,21.0,3.8
21400474,"DEC 30, 2014 - GSW vs. PHI",stephen curry,6,3,6:44,missed,3,27.7,2.0
21400474,"DEC 30, 2014 - GSW vs. PHI",stephen curry,7,3,5:12,made,3,24.7,4.4
21400493,"JAN 02, 2015 - GSW vs. TOR",stephen curry,1,1,11:25,made,3,23.8,5.8
21400493,"JAN 02, 2015 - GSW vs. TOR",stephen curry,2,1,7:59,missed,2,2.7,2.2
21400493,"JAN 02, 2015 - GSW vs. TOR",stephen curry,3,1,6:54,made,2,1.1,5.2
21400493,"JAN 02, 2015 - GSW vs. TOR",stephen curry,4,1,0:35,missed,3,27.5,3.8
21400493,"JAN 02, 2015 - GSW vs. TOR",stephen curry,5,2,0:40,missed,3,26.1,3.6
21400493,"JAN 02, 2015 - GSW vs. TOR",stephen curry,6,2,0:20,missed,3,23.4,1.2
21400493,"JAN 02, 2015 - GSW vs. TOR",stephen curry,7,2,0:13,made,3,24.3,5.0
21400493,"JAN 02, 2015 - GSW vs. TOR",stephen curry,8,3,8:46,made,2,2.0,2.7
21400493,"JAN 02, 2015 - GSW vs. TOR",stephen curry,9,3,5:04,missed,3,25.0,4.6
21400493,"JAN 02, 2015 - GSW vs. TOR",stephen curry,10,3,4:04,made,2,3.2,1.1
21400493,"JAN 02, 2015 - GSW vs. TOR",stephen curry,11,3,2:47,missed,3,25.4,4.8
21400493,"JAN 02, 2015 - GSW vs. TOR",stephen curry,12,3,0:51,missed,3,25.2,5.4
21400493,"JAN 02, 2015 - GSW vs. TOR",stephen curry,13,4,7:42,made,3,26.4,6.3
21400493,"JAN 02, 2015 - GSW vs. TOR",stephen curry,14,4,7:14,missed,2,15.4,5.5
21400493,"JAN 02, 2015 - GSW vs. TOR",stephen curry,15,4,4:50,made,2,3.2,1.4
21400493,"JAN 02, 2015 - GSW vs. TOR",stephen curry,16,4,3:47,made,2,4.2,5.2
21400493,"JAN 02, 2015 - GSW vs. TOR",stephen curry,17,4,2:22,made,3,24.9,10.1
21400493,"JAN 02, 2015 - GSW vs. TOR",stephen curry,18,4,1:40,made,3,28.7,5.3
21400518,"JAN 05, 2015 - GSW vs. OKC",stephen curry,1,1,11:17,made,2,3.1,0.3
21400518,"JAN 05, 2015 - GSW vs. OKC",stephen curry,2,1,10:47,made,2,7.0,1.5
21400518,"JAN 05, 2015 - GSW vs. OKC",stephen curry,3,1,4:09,made,2,3.0,3.6
21400518,"JAN 05, 2015 - GSW vs. OKC",stephen curry,4,1,3:44,missed,2,22.8,4.0
21400518,"JAN 05, 2015 - GSW vs. OKC",stephen curry,5,1,3:27,missed,2,18.1,3.6
21400518,"JAN 05, 2015 - GSW vs. OKC",stephen curry,6,1,2:51,made,2,5.1,6.6
21400518,"JAN 05, 2015 - GSW vs. OKC",stephen curry,7,2,3:40,made,2,1.2,3.0
21400518,"JAN 05, 2015 - GSW vs. OKC",stephen curry,8,2,1:53,missed,2,4.4,4.6
21400518,"JAN 05, 2015 - GSW vs. OKC",stephen curry,9,3,9:32,missed,3,24.5,7.6
21400518,"JAN 05, 2015 - GSW vs. OKC",stephen curry,10,3,5:48,missed,3,25.1,6.9
21400518,"JAN 05, 2015 - GSW vs. OKC",stephen curry,11,3,5:30,missed,2,12.7,5.1
21400518,"JAN 05, 2015 - GSW vs. OKC",stephen curry,12,4,10:09,missed,3,26.0,5.8
21400518,"JAN 05, 2015 - GSW vs. OKC",stephen curry,13,4,7:55,made,3,31.8,6.0
21400518,"JAN 05, 2015 - GSW vs. OKC",stephen curry,14,4,4:45,made,2,6.3,2.3
21400533,"JAN 07, 2015 - GSW vs. IND",stephen curry,1,1,8:53,made,2,19.6,4.2
21400533,"JAN 07, 2015 - GSW vs. IND",stephen curry,2,1,6:24,made,3,27.6,6.5
21400533,"JAN 07, 2015 - GSW vs. IND",stephen curry,3,1,5:34,missed,2,23.4,7.5
21400533,"JAN 07, 2015 - GSW vs. IND",stephen curry,4,1,4:45,missed,2,14.3,4.3
21400533,"JAN 07, 2015 - GSW vs. IND",stephen curry,5,2,7:49,missed,2,9.1,1.5
21400533,"JAN 07, 2015 - GSW vs. IND",stephen curry,6,2,4:25,made,3,27.3,6.4
21400533,"JAN 07, 2015 - GSW vs. IND",stephen curry,7,2,3:56,missed,3,25.5,1.6
21400533,"JAN 07, 2015 - GSW vs. IND",stephen curry,8,2,2:20,made,2,3.0,11.1
21400533,"JAN 07, 2015 - GSW vs. IND",stephen curry,9,2,0:47,made,3,27.6,6.1
21400533,"JAN 07, 2015 - GSW vs. IND",stephen curry,10,2,0:08,missed,3,25.8,5.4
21400533,"JAN 07, 2015 - GSW vs. IND",stephen curry,11,3,8:09,missed,2,22.5,3.5
21400533,"JAN 07, 2015 - GSW vs. IND",stephen curry,12,4,9:02,missed,3,24.6,9.1
21400533,"JAN 07, 2015 - GSW vs. IND",stephen curry,13,4,5:46,made,2,6.0,2.6
21400533,"JAN 07, 2015 - GSW vs. IND",stephen curry,14,4,4:45,missed,2,7.0,4.1
21400533,"JAN 07, 2015 - GSW vs. IND",stephen curry,15,4,4:36,made,3,23.8,4.6
21400533,"JAN 07, 2015 - GSW vs. IND",stephen curry,16,4,4:00,missed,3,24.9,2.5
21400533,"JAN 07, 2015 - GSW vs. IND",stephen curry,17,4,0:54,made,2,4.5,2.2
21400547,"JAN 09, 2015 - GSW vs. CLE",stephen curry,1,1,11:17,made,2,21.9,2.1
21400547,"JAN 09, 2015 - GSW vs. CLE",stephen curry,2,1,10:50,missed,3,24.4,5.3
21400547,"JAN 09, 2015 - GSW vs. CLE",stephen curry,3,1,10:35,made,2,1.7,3.7
21400547,"JAN 09, 2015 - GSW vs. CLE",stephen curry,4,1,9:23,made,2,3.6,6.7
21400547,"JAN 09, 2015 - GSW vs. CLE",stephen curry,5,1,6:38,missed,3,24.9,6.6
21400547,"JAN 09, 2015 - GSW vs. CLE",stephen curry,6,1,3:42,made,3,24.2,3.5
21400547,"JAN 09, 2015 - GSW vs. CLE",stephen curry,7,1,3:19,missed,3,27.2,8.3
21400547,"JAN 09, 2015 - GSW vs. CLE",stephen curry,8,1,1:45,missed,2,0.7,3.2
21400547,"JAN 09, 2015 - GSW vs. CLE",stephen curry,9,2,1:55,made,3,24.1,5.4
21400547,"JAN 09, 2015 - GSW vs. CLE",stephen curry,10,2,0:44,missed,3,25.0,6.0
21400547,"JAN 09, 2015 - GSW vs. CLE",stephen curry,11,3,6:03,made,3,26.6,3.3
21400547,"JAN 09, 2015 - GSW vs. CLE",stephen curry,12,3,3:26,missed,2,3.7,2.3
21400547,"JAN 09, 2015 - GSW vs. CLE",stephen curry,13,3,0:43,made,2,18.2,1.9
21400547,"JAN 09, 2015 - GSW vs. CLE",stephen curry,14,4,2:44,missed,3,24.8,9.2
21400547,"JAN 09, 2015 - GSW vs. CLE",stephen curry,15,4,0:54,made,2,3.2,0.6
21400571,"JAN 13, 2015 - GSW @ UTA",stephen curry,1,1,7:52,made,3,25.5,3.1
21400571,"JAN 13, 2015 - GSW @ UTA",stephen curry,2,1,7:23,missed,3,24.5,6.3
21400571,"JAN 13, 2015 - GSW @ UTA",stephen curry,3,1,5:16,made,2,18.8,2.3
21400571,"JAN 13, 2015 - GSW @ UTA",stephen curry,4,2,7:01,missed,3,24.5,5.1
21400571,"JAN 13, 2015 - GSW @ UTA",stephen curry,5,2,5:33,made,2,2.2,2.6
21400571,"JAN 13, 2015 - GSW @ UTA",stephen curry,6,2,4:54,made,2,2.3,1.3
21400571,"JAN 13, 2015 - GSW @ UTA",stephen curry,7,2,2:59,made,3,25.8,5.4
21400571,"JAN 13, 2015 - GSW @ UTA",stephen curry,8,2,2:31,missed,3,26.2,4.3
21400571,"JAN 13, 2015 - GSW @ UTA",stephen curry,9,2,0:01,missed,3,21.0,5.0
21400571,"JAN 13, 2015 - GSW @ UTA",stephen curry,10,3,10:06,made,3,25.0,10.8
21400571,"JAN 13, 2015 - GSW @ UTA",stephen curry,11,3,9:01,made,2,8.6,3.0
21400571,"JAN 13, 2015 - GSW @ UTA",stephen curry,12,3,8:41,made,3,23.8,4.5
21400571,"JAN 13, 2015 - GSW @ UTA",stephen curry,13,3,7:07,missed,3,22.7,4.3
21400571,"JAN 13, 2015 - GSW @ UTA",stephen curry,14,3,4:42,made,2,20.4,3.3
21400571,"JAN 13, 2015 - GSW @ UTA",stephen curry,15,3,1:17,made,2,11.3,1.9
21400571,"JAN 13, 2015 - GSW @ UTA",stephen curry,16,3,0:26,missed,2,7.2,0.7
21400582,"JAN 14, 2015 - GSW vs. MIA",stephen curry,1,1,10:22,missed,2,2.5,2.1
21400582,"JAN 14, 2015 - GSW vs. MIA",stephen curry,2,1,9:25,made,2,15.8,4.0
21400582,"JAN 14, 2015 - GSW vs. MIA",stephen curry,3,1,8:32,made,3,21.8,4.9
21400582,"JAN 14, 2015 - GSW vs. MIA",stephen curry,4,1,8:00,made,3,27.2,4.3
21400582,"JAN 14, 2015 - GSW vs. MIA",stephen curry,5,1,5:57,missed,3,24.9,4.6
21400582,"JAN 14, 2015 - GSW vs. MIA",stephen curry,6,2,3:10,made,3,24.3,3.5
21400582,"JAN 14, 2015 - GSW vs. MIA",stephen curry,7,2,2:27,made,3,24.3,6.4
21400582,"JAN 14, 2015 - GSW vs. MIA",stephen curry,8,2,1:55,missed,2,7.5,2.0
21400582,"JAN 14, 2015 - GSW vs. MIA",stephen curry,9,3,11:39,made,2,15.3,2.2
21400582,"JAN 14, 2015 - GSW vs. MIA",stephen curry,10,3,10:02,missed,3,23.2,5.0
21400582,"JAN 14, 2015 - GSW vs. MIA",stephen curry,11,3,6:50,made,2,2.4,1.7
21400582,"JAN 14, 2015 - GSW vs. MIA",stephen curry,12,3,4:14,missed,2,21.8,4.2
21400582,"JAN 14, 2015 - GSW vs. MIA",stephen curry,13,3,3:34,made,3,24.8,7.0
21400582,"JAN 14, 2015 - GSW vs. MIA",stephen curry,14,3,2:31,missed,2,10.7,6.7
21400582,"JAN 14, 2015 - GSW vs. MIA",stephen curry,15,3,2:21,made,3,22.4,9.4
21400582,"JAN 14, 2015 - GSW vs. MIA",stephen curry,16,3,1:05,missed,2,16.4,2.0
21400582,"JAN 14, 2015 - GSW vs. MIA",stephen curry,17,4,4:49,missed,3,24.5,9.1
21400582,"JAN 14, 2015 - GSW vs. MIA",stephen curry,18,4,3:05,made,2,6.7,1.9
21400582,"JAN 14, 2015 - GSW vs. MIA",stephen curry,19,4,0:28,made,3,22.3,6.5
21400593,"JAN 16, 2015 - GSW @ OKC",stephen curry,1,1,10:34,missed,3,26.2,5.4
21400593,"JAN 16, 2015 - GSW @ OKC",stephen curry,2,1,8:21,made,2,10.5,4.7
21400593,"JAN 16, 2015 - GSW @ OKC",stephen curry,3,1,7:31,made,2,22.1,4.6
21400593,"JAN 16, 2015 - GSW @ OKC",stephen curry,4,2,7:56,missed,2,4.5,1.7
21400593,"JAN 16, 2015 - GSW @ OKC",stephen curry,5,2,4:48,missed,3,26.8,5.1
21400593,"JAN 16, 2015 - GSW @ OKC",stephen curry,6,2,2:12,missed,3,24.9,8.6
21400593,"JAN 16, 2015 - GSW @ OKC",stephen curry,7,2,0:54,missed,3,25.4,5.7
21400593,"JAN 16, 2015 - GSW @ OKC",stephen curry,8,3,9:51,made,3,24.8,5.3
21400593,"JAN 16, 2015 - GSW @ OKC",stephen curry,9,3,8:54,missed,2,21.6,4.3
21400593,"JAN 16, 2015 - GSW @ OKC",stephen curry,10,3,7:02,made,3,23.5,8.1
21400593,"JAN 16, 2015 - GSW @ OKC",stephen curry,11,3,2:38,made,2,2.6,1.1
21400593,"JAN 16, 2015 - GSW @ OKC",stephen curry,12,4,4:36,missed,2,22.4,2.1
21400593,"JAN 16, 2015 - GSW @ OKC",stephen curry,13,4,2:38,made,2,1.7,1.9
21400603,"JAN 17, 2015 - GSW @ HOU",stephen curry,1,1,10:10,missed,2,19.1,5.1
21400603,"JAN 17, 2015 - GSW @ HOU",stephen curry,2,1,10:08,made,2,8.4,2.8
21400603,"JAN 17, 2015 - GSW @ HOU",stephen curry,3,1,6:32,missed,3,25.9,3.1
21400603,"JAN 17, 2015 - GSW @ HOU",stephen curry,4,1,3:56,missed,3,25.2,3.8
21400603,"JAN 17, 2015 - GSW @ HOU",stephen curry,5,1,1:02,missed,3,24.5,3.4
21400603,"JAN 17, 2015 - GSW @ HOU",stephen curry,6,2,4:04,missed,3,24.4,4.1
21400603,"JAN 17, 2015 - GSW @ HOU",stephen curry,7,2,4:00,missed,3,22.3,3.5
21400603,"JAN 17, 2015 - GSW @ HOU",stephen curry,8,2,1:21,made,3,26.1,4.9
21400603,"JAN 17, 2015 - GSW @ HOU",stephen curry,9,3,10:45,made,2,3.2,3.6
21400603,"JAN 17, 2015 - GSW @ HOU",stephen curry,10,3,8:24,made,2,4.8,2.0
21400603,"JAN 17, 2015 - GSW @ HOU",stephen curry,11,3,8:07,missed,2,12.2,3.5
21400603,"JAN 17, 2015 - GSW @ HOU",stephen curry,12,3,6:54,made,2,11.1,4.9
21400603,"JAN 17, 2015 - GSW @ HOU",stephen curry,13,3,5:07,made,2,12.1,5.8
21400603,"JAN 17, 2015 - GSW @ HOU",stephen curry,14,3,3:46,made,2,5.4,2.9
21400603,"JAN 17, 2015 - GSW @ HOU",stephen curry,15,4,6:30,made,2,26.1,9.5
21400603,"JAN 17, 2015 - GSW @ HOU",stephen curry,16,4,6:11,missed,3,24.6,4.9
21400603,"JAN 17, 2015 - GSW @ HOU",stephen curry,17,4,5:36,made,3,25.0,12.7
21400603,"JAN 17, 2015 - GSW @ HOU",stephen curry,18,4,4:47,missed,2,1.3,4.9
21400615,"JAN 19, 2015 - GSW vs. DEN",stephen curry,1,1,10:37,missed,2,1.4,2.9
21400615,"JAN 19, 2015 - GSW vs. DEN",stephen curry,2,1,8:33,made,3,27.6,4.3
21400615,"JAN 19, 2015 - GSW vs. DEN",stephen curry,3,1,7:35,made,2,16.1,10.8
21400615,"JAN 19, 2015 - GSW vs. DEN",stephen curry,4,1,4:28,missed,3,25.1,3.6
21400615,"JAN 19, 2015 - GSW vs. DEN",stephen curry,5,1,3:18,made,2,14.6,2.6
21400615,"JAN 19, 2015 - GSW vs. DEN",stephen curry,6,1,2:11,made,2,1.2,5.4
21400615,"JAN 19, 2015 - GSW vs. DEN",stephen curry,7,1,0:01,missed,3,33.7,2.7
21400615,"JAN 19, 2015 - GSW vs. DEN",stephen curry,8,2,3:24,made,2,9.5,5.3
21400615,"JAN 19, 2015 - GSW vs. DEN",stephen curry,9,2,0:04,missed,2,2.6,3.3
21400615,"JAN 19, 2015 - GSW vs. DEN",stephen curry,10,3,10:03,made,3,24.1,2.8
21400615,"JAN 19, 2015 - GSW vs. DEN",stephen curry,11,3,8:57,made,2,2.8,3.6
21400615,"JAN 19, 2015 - GSW vs. DEN",stephen curry,12,3,7:26,missed,2,11.6,5.3
21400615,"JAN 19, 2015 - GSW vs. DEN",stephen curry,13,3,5:42,missed,3,25.3,4.5
21400636,"JAN 21, 2015 - GSW vs. HOU",stephen curry,1,1,9:14,made,2,20.8,3.7
21400636,"JAN 21, 2015 - GSW vs. HOU",stephen curry,2,1,8:48,made,3,26.7,3.2
21400636,"JAN 21, 2015 - GSW vs. HOU",stephen curry,3,1,4:08,made,2,5.0,2.6
21400636,"JAN 21, 2015 - GSW vs. HOU",stephen curry,4,1,3:48,made,2,5.9,6.8
21400636,"JAN 21, 2015 - GSW vs. HOU",stephen curry,5,1,3:05,missed,3,32.2,11.2
21400636,"JAN 21, 2015 - GSW vs. HOU",stephen curry,6,2,5:30,made,2,19.4,4.9
21400636,"JAN 21, 2015 - GSW vs. HOU",stephen curry,7,2,5:04,missed,2,0.8,3.9
21400636,"JAN 21, 2015 - GSW vs. HOU",stephen curry,8,3,4:04,missed,3,27.1,5.0
21400636,"JAN 21, 2015 - GSW vs. HOU",stephen curry,9,3,2:37,made,3,25.7,5.2
21400636,"JAN 21, 2015 - GSW vs. HOU",stephen curry,10,3,0:52,made,3,27.9,5.3
21400636,"JAN 21, 2015 - GSW vs. HOU",stephen curry,11,3,0:03,missed,2,24.4,4.7
21400636,"JAN 21, 2015 - GSW vs. HOU",stephen curry,12,4,2:04,missed,2,11.6,5.5
21400651,"JAN 23, 2015 - GSW vs. SAC",stephen curry,1,1,11:21,made,2,2.6,3.4
21400651,"JAN 23, 2015 - GSW vs. SAC",stephen curry,2,1,9:11,missed,3,26.2,5.6
21400651,"JAN 23, 2015 - GSW vs. SAC",stephen curry,3,1,4:24,missed,3,24.7,8.0
21400651,"JAN 23, 2015 - GSW vs. SAC",stephen curry,4,1,0:52,made,3,24.6,3.2
21400651,"JAN 23, 2015 - GSW vs. SAC",stephen curry,5,2,4:26,missed,2,7.2,2.5
21400651,"JAN 23, 2015 - GSW vs. SAC",stephen curry,6,2,4:06,made,3,25.9,5.8
21400651,"JAN 23, 2015 - GSW vs. SAC",stephen curry,7,2,3:37,missed,3,24.8,8.6
21400651,"JAN 23, 2015 - GSW vs. SAC",stephen curry,8,2,0:45,missed,3,24.2,2.4
21400651,"JAN 23, 2015 - GSW vs. SAC",stephen curry,9,3,8:44,missed,3,27.7,2.7
21400651,"JAN 23, 2015 - GSW vs. SAC",stephen curry,10,3,7:53,missed,2,9.9,2.9
21400651,"JAN 23, 2015 - GSW vs. SAC",stephen curry,11,3,6:46,missed,2,17.5,7.0
21400665,"JAN 25, 2015 - GSW vs. BOS",stephen curry,1,1,8:01,missed,3,25.7,3.2
21400665,"JAN 25, 2015 - GSW vs. BOS",stephen curry,2,1,6:15,made,2,15.3,3.5
21400665,"JAN 25, 2015 - GSW vs. BOS",stephen curry,3,2,1:11,missed,3,24.8,6.0
21400665,"JAN 25, 2015 - GSW vs. BOS",stephen curry,4,3,10:42,made,3,25.6,3.9
21400665,"JAN 25, 2015 - GSW vs. BOS",stephen curry,5,3,10:06,missed,2,1.9,2.5
21400665,"JAN 25, 2015 - GSW vs. BOS",stephen curry,6,3,8:54,made,2,17.7,5.5
21400665,"JAN 25, 2015 - GSW vs. BOS",stephen curry,7,3,7:04,missed,2,22.3,3.3
21400665,"JAN 25, 2015 - GSW vs. BOS",stephen curry,8,3,4:17,missed,3,24.8,6.6
21400665,"JAN 25, 2015 - GSW vs. BOS",stephen curry,9,3,2:29,made,2,19.0,7.0
21400665,"JAN 25, 2015 - GSW vs. BOS",stephen curry,10,3,1:56,missed,2,21.7,4.3
21400665,"JAN 25, 2015 - GSW vs. BOS",stephen curry,11,3,1:39,made,2,3.5,3.4
21400665,"JAN 25, 2015 - GSW vs. BOS",stephen curry,12,4,4:47,missed,3,25.7,8.3
21400665,"JAN 25, 2015 - GSW vs. BOS",stephen curry,13,4,3:08,missed,2,20.7,4.9
21400665,"JAN 25, 2015 - GSW vs. BOS",stephen curry,14,4,2:25,made,2,4.5,2.8
21400665,"JAN 25, 2015 - GSW vs. BOS",stephen curry,15,4,1:48,missed,2,4.8,1.8
21400665,"JAN 25, 2015 - GSW vs. BOS",stephen curry,16,4,1:07,missed,2,4.9,2.2
21400679,"JAN 27, 2015 - GSW vs. CHI",stephen curry,1,1,10:05,made,3,25.5,6.3
21400679,"JAN 27, 2015 - GSW vs. CHI",stephen curry,2,1,9:37,missed,3,27.2,2.3
21400679,"JAN 27, 2015 - GSW vs. CHI",stephen curry,3,1,3:31,missed,2,10.2,1.0
21400679,"JAN 27, 2015 - GSW vs. CHI",stephen curry,4,1,2:47,made,2,7.3,3.3
21400679,"JAN 27, 2015 - GSW vs. CHI",stephen curry,5,1,2:04,made,2,19.6,5.4
21400679,"JAN 27, 2015 - GSW vs. CHI",stephen curry,6,1,1:28,made,3,25.4,3.8
21400679,"JAN 27, 2015 - GSW vs. CHI",stephen curry,7,2,5:43,missed,3,23.9,6.8
21400679,"JAN 27, 2015 - GSW vs. CHI",stephen curry,8,2,4:11,missed,2,19.3,4.6
21400679,"JAN 27, 2015 - GSW vs. CHI",stephen curry,9,2,0:53,missed,2,6.6,0.9
21400679,"JAN 27, 2015 - GSW vs. CHI",stephen curry,10,2,0:01,missed,3,31.3,10.4
21400679,"JAN 27, 2015 - GSW vs. CHI",stephen curry,11,3,9:37,made,2,2.4,3.7
21400679,"JAN 27, 2015 - GSW vs. CHI",stephen curry,12,3,8:30,missed,3,24.9,4.6
21400679,"JAN 27, 2015 - GSW vs. CHI",stephen curry,13,3,4:13,missed,3,23.1,1.7
21400679,"JAN 27, 2015 - GSW vs. CHI",stephen curry,14,4,11:26,made,2,11.2,2.0
21400679,"JAN 27, 2015 - GSW vs. CHI",stephen curry,15,4,9:50,missed,2,16.0,2.2
21400679,"JAN 27, 2015 - GSW vs. CHI",stephen curry,16,4,8:58,missed,2,1.9,2.0
21400679,"JAN 27, 2015 - GSW vs. CHI",stephen curry,17,4,3:28,missed,2,19.1,5.2
21400679,"JAN 27, 2015 - GSW vs. CHI",stephen curry,18,4,2:21,made,2,9.0,1.0
21400679,"JAN 27, 2015 - GSW vs. CHI",stephen curry,19,4,1:56,missed,3,25.5,8.5
21400679,"JAN 27, 2015 - GSW vs. CHI",stephen curry,20,4,0:52,missed,2,22.3,2.1
21400679,"JAN 27, 2015 - GSW vs. CHI",stephen curry,21,5,3:21,missed,3,24.4,5.7
21400679,"JAN 27, 2015 - GSW vs. CHI",stephen curry,22,5,3:12,made,2,3.4,2.2
21400679,"JAN 27, 2015 - GSW vs. CHI",stephen curry,23,5,1:09,made,2,1.3,3.2
21400703,"JAN 30, 2015 - GSW @ UTA",stephen curry,1,1,10:53,missed,2,4.8,0.7
21400703,"JAN 30, 2015 - GSW @ UTA",stephen curry,2,1,8:32,made,2,23.3,4.3
21400703,"JAN 30, 2015 - GSW @ UTA",stephen curry,3,1,6:31,missed,3,26.5,6.6
21400703,"JAN 30, 2015 - GSW @ UTA",stephen curry,4,1,4:38,made,2,7.3,3.8
21400703,"JAN 30, 2015 - GSW @ UTA",stephen curry,5,1,3:19,made,2,7.8,2.5
21400703,"JAN 30, 2015 - GSW @ UTA",stephen curry,6,1,2:10,missed,2,20.7,4.3
21400703,"JAN 30, 2015 - GSW @ UTA",stephen curry,7,2,3:04,made,3,25.3,5.7
21400703,"JAN 30, 2015 - GSW @ UTA",stephen curry,8,2,2:33,made,3,27.1,5.2
21400703,"JAN 30, 2015 - GSW @ UTA",stephen curry,9,2,2:03,missed,3,24.8,2.7
21400703,"JAN 30, 2015 - GSW @ UTA",stephen curry,10,2,0:58,missed,3,26.6,6.0
21400703,"JAN 30, 2015 - GSW @ UTA",stephen curry,11,2,0:14,made,2,6.8,3.3
21400703,"JAN 30, 2015 - GSW @ UTA",stephen curry,12,2,0:05,missed,3,28.3,3.1
21400703,"JAN 30, 2015 - GSW @ UTA",stephen curry,13,3,10:44,missed,2,3.5,1.4
21400703,"JAN 30, 2015 - GSW @ UTA",stephen curry,14,3,9:50,missed,2,19.9,5.3
21400703,"JAN 30, 2015 - GSW @ UTA",stephen curry,15,3,8:05,made,2,13.3,2.7
21400703,"JAN 30, 2015 - GSW @ UTA",stephen curry,16,3,7:06,made,3,25.0,3.8
21400703,"JAN 30, 2015 - GSW @ UTA",stephen curry,17,3,5:26,made,3,24.3,5.1
21400703,"JAN 30, 2015 - GSW @ UTA",stephen curry,18,3,4:59,missed,3,28.2,5.3
21400703,"JAN 30, 2015 - GSW @ UTA",stephen curry,19,3,0:51,made,3,25.3,3.8
21400703,"JAN 30, 2015 - GSW @ UTA",stephen curry,20,4,10:51,missed,2,21.2,3.8
21400703,"JAN 30, 2015 - GSW @ UTA",stephen curry,21,4,8:28,missed,2,6.9,1.9
21400703,"JAN 30, 2015 - GSW @ UTA",stephen curry,22,4,7:50,missed,3,19.3,3.4
21400715,"JAN 31, 2015 - GSW vs. PHX",stephen curry,1,1,11:45,missed,2,16.7,4.4
21400715,"JAN 31, 2015 - GSW vs. PHX",stephen curry,2,1,8:13,missed,2,22.5,5.0
21400715,"JAN 31, 2015 - GSW vs. PHX",stephen curry,3,1,7:23,made,2,6.5,3.9
21400715,"JAN 31, 2015 - GSW vs. PHX",stephen curry,4,1,6:53,missed,3,27.6,9.5
21400715,"JAN 31, 2015 - GSW vs. PHX",stephen curry,5,1,6:04,missed,3,26.4,6.9
21400715,"JAN 31, 2015 - GSW vs. PHX",stephen curry,6,1,5:12,missed,2,1.0,2.1
21400715,"JAN 31, 2015 - GSW vs. PHX",stephen curry,7,1,4:01,made,2,1.4,3.6
21400715,"JAN 31, 2015 - GSW vs. PHX",stephen curry,8,1,2:45,made,2,15.4,8.8
21400715,"JAN 31, 2015 - GSW vs. PHX",stephen curry,9,1,0:11,made,3,22.7,6.0
21400715,"JAN 31, 2015 - GSW vs. PHX",stephen curry,10,2,6:23,made,3,25.4,3.6
21400715,"JAN 31, 2015 - GSW vs. PHX",stephen curry,11,2,5:54,made,3,23.1,5.4
21400715,"JAN 31, 2015 - GSW vs. PHX",stephen curry,12,2,5:26,missed,2,9.6,3.9
21400715,"JAN 31, 2015 - GSW vs. PHX",stephen curry,13,2,4:41,made,3,24.2,7.1
21400715,"JAN 31, 2015 - GSW vs. PHX",stephen curry,14,2,4:03,missed,3,26.6,4.0
21400715,"JAN 31, 2015 - GSW vs. PHX",stephen curry,15,2,0:01,missed,3,42.7,9.1
21400715,"JAN 31, 2015 - GSW vs. PHX",stephen curry,16,3,7:54,missed,3,24.6,6.3
21400715,"JAN 31, 2015 - GSW vs. PHX",stephen curry,17,3,5:14,missed,2,1.9,3.4
21400715,"JAN 31, 2015 - GSW vs. PHX",stephen curry,18,3,4:49,made,2,14.5,4.5
21400715,"JAN 31, 2015 - GSW vs. PHX",stephen curry,19,3,0:19,missed,2,24.0,3.0
21400715,"JAN 31, 2015 - GSW vs. PHX",stephen curry,20,4,7:08,missed,2,7.7,2.3
21400715,"JAN 31, 2015 - GSW vs. PHX",stephen curry,21,4,7:08,missed,2,7.8,2.2
21400715,"JAN 31, 2015 - GSW vs. PHX",stephen curry,22,4,4:53,made,2,15.3,4.1
21400715,"JAN 31, 2015 - GSW vs. PHX",stephen curry,23,4,2:33,missed,2,24.3,5.8
21400730,"FEB 03, 2015 - GSW @ SAC",stephen curry,1,1,9:55,made,2,5.2,3.6
21400730,"FEB 03, 2015 - GSW @ SAC",stephen curry,2,1,8:13,missed,2,7.2,4.0
21400730,"FEB 03, 2015 - GSW @ SAC",stephen curry,3,1,7:14,missed,2,8.6,4.0
21400730,"FEB 03, 2015 - GSW @ SAC",stephen curry,4,1,5:48,missed,3,23.8,3.5
21400730,"FEB 03, 2015 - GSW @ SAC",stephen curry,5,1,5:28,made,2,5.7,1.2
21400730,"FEB 03, 2015 - GSW @ SAC",stephen curry,6,1,4:05,made,3,25.7,11.1
21400730,"FEB 03, 2015 - GSW @ SAC",stephen curry,7,2,4:19,missed,2,19.9,0.3
21400730,"FEB 03, 2015 - GSW @ SAC",stephen curry,8,2,3:47,made,2,0.4,3.2
21400730,"FEB 03, 2015 - GSW @ SAC",stephen curry,9,2,2:49,missed,2,2.9,1.8
21400730,"FEB 03, 2015 - GSW @ SAC",stephen curry,10,2,0:29,missed,3,28.3,4.6
21400730,"FEB 03, 2015 - GSW @ SAC",stephen curry,11,3,10:54,missed,3,25.5,5.9
21400730,"FEB 03, 2015 - GSW @ SAC",stephen curry,12,3,8:04,made,2,12.2,7.6
21400730,"FEB 03, 2015 - GSW @ SAC",stephen curry,13,3,5:22,missed,3,24.7,5.3
21400730,"FEB 03, 2015 - GSW @ SAC",stephen curry,14,3,1:44,missed,2,22.6,4.6
21400730,"FEB 03, 2015 - GSW @ SAC",stephen curry,15,3,0:03,made,3,27.1,2.2
21400741,"FEB 04, 2015 - GSW vs. DAL",stephen curry,1,1,10:00,missed,3,27.9,5.7
21400741,"FEB 04, 2015 - GSW vs. DAL",stephen curry,2,1,6:00,missed,2,7.4,2.4
21400741,"FEB 04, 2015 - GSW vs. DAL",stephen curry,3,1,5:27,missed,3,24.9,6.4
21400741,"FEB 04, 2015 - GSW vs. DAL",stephen curry,4,1,4:42,made,3,25.0,1.9
21400741,"FEB 04, 2015 - GSW vs. DAL",stephen curry,5,1,4:13,made,2,18.1,5.1
21400741,"FEB 04, 2015 - GSW vs. DAL",stephen curry,6,1,3:30,missed,2,22.7,1.5
21400741,"FEB 04, 2015 - GSW vs. DAL",stephen curry,7,1,3:23,made,3,24.8,13.3
21400741,"FEB 04, 2015 - GSW vs. DAL",stephen curry,8,1,2:40,made,3,22.9,3.0
21400741,"FEB 04, 2015 - GSW vs. DAL",stephen curry,9,2,4:46,made,2,12.3,3.4
21400741,"FEB 04, 2015 - GSW vs. DAL",stephen curry,10,2,2:20,missed,3,24.3,5.1
21400741,"FEB 04, 2015 - GSW vs. DAL",stephen curry,11,2,0:15,made,2,7.4,4.1
21400741,"FEB 04, 2015 - GSW vs. DAL",stephen curry,12,3,11:33,made,2,4.6,2.7
21400741,"FEB 04, 2015 - GSW vs. DAL",stephen curry,13,3,10:07,made,3,26.8,3.6
21400741,"FEB 04, 2015 - GSW vs. DAL",stephen curry,14,3,8:28,made,3,24.3,12.6
21400741,"FEB 04, 2015 - GSW vs. DAL",stephen curry,15,3,7:42,made,3,24.4,6.6
21400741,"FEB 04, 2015 - GSW vs. DAL",stephen curry,16,3,6:11,made,3,27.7,6.4
21400741,"FEB 04, 2015 - GSW vs. DAL",stephen curry,17,3,5:50,missed,3,29.7,4.4
21400741,"FEB 04, 2015 - GSW vs. DAL",stephen curry,18,3,4:34,missed,2,2.3,3.6
21400741,"FEB 04, 2015 - GSW vs. DAL",stephen curry,19,3,3:42,made,3,27.0,5.2
21400741,"FEB 04, 2015 - GSW vs. DAL",stephen curry,20,3,2:27,missed,2,10.6,5.9
21400741,"FEB 04, 2015 - GSW vs. DAL",stephen curry,21,3,1:02,made,3,27.8,3.9
21400741,"FEB 04, 2015 - GSW vs. DAL",stephen curry,22,3,0:29,made,2,20.8,10.4
21400741,"FEB 04, 2015 - GSW vs. DAL",stephen curry,23,4,6:44,missed,3,24.8,2.9
21400741,"FEB 04, 2015 - GSW vs. DAL",stephen curry,24,4,3:14,made,2,8.3,0.2
21400741,"FEB 04, 2015 - GSW vs. DAL",stephen curry,25,4,2:18,missed,3,27.5,4.4
21400741,"FEB 04, 2015 - GSW vs. DAL",stephen curry,26,4,0:55,made,3,27.3,3.2
21400749,"FEB 06, 2015 - GSW @ ATL",stephen curry,1,1,8:45,missed,3,26.6,5.7
21400749,"FEB 06, 2015 - GSW @ ATL",stephen curry,2,1,8:10,missed,3,22.9,5.2
21400749,"FEB 06, 2015 - GSW @ ATL",stephen curry,3,1,6:20,missed,3,27.6,1.6
21400749,"FEB 06, 2015 - GSW @ ATL",stephen curry,4,1,4:59,missed,2,21.8,4.4
21400749,"FEB 06, 2015 - GSW @ ATL",stephen curry,5,1,3:59,made,3,27.5,8.4
21400749,"FEB 06, 2015 - GSW @ ATL",stephen curry,6,1,1:54,missed,3,27.2,3.7
21400749,"FEB 06, 2015 - GSW @ ATL",stephen curry,7,2,5:10,made,2,4.0,2.5
21400749,"FEB 06, 2015 - GSW @ ATL",stephen curry,8,2,1:52,missed,2,3.6,1.9
21400749,"FEB 06, 2015 - GSW @ ATL",stephen curry,9,2,0:48,made,2,3.3,1.6
21400749,"FEB 06, 2015 - GSW @ ATL",stephen curry,10,3,10:03,missed,2,1.6,0.4
21400749,"FEB 06, 2015 - GSW @ ATL",stephen curry,11,3,6:32,made,3,25.0,3.5
21400749,"FEB 06, 2015 - GSW @ ATL",stephen curry,12,3,6:07,missed,2,8.3,5.7
21400749,"FEB 06, 2015 - GSW @ ATL",stephen curry,13,3,4:26,made,3,27.0,6.6
21400749,"FEB 06, 2015 - GSW @ ATL",stephen curry,14,3,3:48,made,3,26.6,5.2
21400749,"FEB 06, 2015 - GSW @ ATL",stephen curry,15,3,2:49,missed,2,3.3,0.2
21400749,"FEB 06, 2015 - GSW @ ATL",stephen curry,16,4,6:36,missed,3,25.2,4.3
21400749,"FEB 06, 2015 - GSW @ ATL",stephen curry,17,4,5:36,missed,2,23.1,5.3
21400749,"FEB 06, 2015 - GSW @ ATL",stephen curry,18,4,4:38,made,2,1.7,2.9
21400749,"FEB 06, 2015 - GSW @ ATL",stephen curry,19,4,0:51,made,2,0.1,2.8
21400760,"FEB 07, 2015 - GSW @ NYK",stephen curry,1,1,8:59,made,3,28.6,6.5
21400760,"FEB 07, 2015 - GSW @ NYK",stephen curry,2,1,8:22,missed,3,25.1,9.2
21400760,"FEB 07, 2015 - GSW @ NYK",stephen curry,3,1,8:06,missed,2,18.2,6.3
21400760,"FEB 07, 2015 - GSW @ NYK",stephen curry,4,1,5:44,missed,2,24.1,5.1
21400760,"FEB 07, 2015 - GSW @ NYK",stephen curry,5,2,1:45,missed,2,2.9,2.8
21400760,"FEB 07, 2015 - GSW @ NYK",stephen curry,6,2,0:44,made,2,6.2,3.0
21400760,"FEB 07, 2015 - GSW @ NYK",stephen curry,7,2,0:07,made,3,28.3,6.4
21400760,"FEB 07, 2015 - GSW @ NYK",stephen curry,8,2,0:02,missed,3,4.9,6.4
21400760,"FEB 07, 2015 - GSW @ NYK",stephen curry,9,3,9:50,missed,3,26.9,7.4
21400760,"FEB 07, 2015 - GSW @ NYK",stephen curry,11,3,8:26,made,3,25.5,2.7
21400760,"FEB 07, 2015 - GSW @ NYK",stephen curry,13,4,7:02,missed,2,11.8,2.6
21400760,"FEB 07, 2015 - GSW @ NYK",stephen curry,14,4,5:40,missed,2,22.4,3.4
21400760,"FEB 07, 2015 - GSW @ NYK",stephen curry,15,4,2:54,made,3,25.8,6.1
21400760,"FEB 07, 2015 - GSW @ NYK",stephen curry,16,4,2:17,made,3,25.8,4.8
21400760,"FEB 07, 2015 - GSW @ NYK",stephen curry,17,4,1:23,missed,3,28.6,0.4
21400760,"FEB 07, 2015 - GSW @ NYK",stephen curry,18,4,0:32,made,2,4.9,2.6
21400775,"FEB 09, 2015 - GSW @ PHI",stephen curry,18,4,3:32,missed,3,24.1,10.1
21400775,"FEB 09, 2015 - GSW @ PHI",stephen curry,19,4,2:31,made,2,5.8,3.4
21400775,"FEB 09, 2015 - GSW @ PHI",stephen curry,20,4,0:49,missed,2,21.6,5.0
21400793,"FEB 11, 2015 - GSW @ MIN",stephen curry,1,1,10:21,missed,3,25.2,3.6
21400793,"FEB 11, 2015 - GSW @ MIN",stephen curry,2,1,8:52,made,2,7.0,1.9
21400793,"FEB 11, 2015 - GSW @ MIN",stephen curry,3,1,8:00,made,2,19.0,4.0
21400793,"FEB 11, 2015 - GSW @ MIN",stephen curry,4,1,5:35,missed,3,24.9,6.5
21400793,"FEB 11, 2015 - GSW @ MIN",stephen curry,5,1,3:18,made,2,10.7,5.2
21400793,"FEB 11, 2015 - GSW @ MIN",stephen curry,6,1,2:24,missed,3,24.9,2.3
21400793,"FEB 11, 2015 - GSW @ MIN",stephen curry,7,1,1:45,missed,3,22.7,6.6
21400793,"FEB 11, 2015 - GSW @ MIN",stephen curry,8,1,1:20,made,2,18.9,5.0
21400793,"FEB 11, 2015 - GSW @ MIN",stephen curry,9,2,2:22,made,3,23.5,20.2
21400793,"FEB 11, 2015 - GSW @ MIN",stephen curry,10,2,1:16,missed,2,17.8,7.9
21400793,"FEB 11, 2015 - GSW @ MIN",stephen curry,11,2,0:37,missed,2,12.3,5.3
21400793,"FEB 11, 2015 - GSW @ MIN",stephen curry,12,3,8:56,missed,2,20.2,6.1
21400793,"FEB 11, 2015 - GSW @ MIN",stephen curry,13,3,8:36,made,2,18.6,5.1
21400793,"FEB 11, 2015 - GSW @ MIN",stephen curry,14,3,6:59,missed,3,29.1,7.2
21400793,"FEB 11, 2015 - GSW @ MIN",stephen curry,15,3,6:50,missed,3,24.7,4.6
21400793,"FEB 11, 2015 - GSW @ MIN",stephen curry,16,3,5:36,made,3,25.7,9.1
21400793,"FEB 11, 2015 - GSW @ MIN",stephen curry,17,3,4:14,made,2,3.0,1.8
21400793,"FEB 11, 2015 - GSW @ MIN",stephen curry,18,3,1:47,missed,3,27.0,3.9
21400793,"FEB 11, 2015 - GSW @ MIN",stephen curry,19,3,0:55,missed,2,5.0,2.2
21400793,"FEB 11, 2015 - GSW @ MIN",stephen curry,20,4,4:25,missed,2,19.8,1.7
21400793,"FEB 11, 2015 - GSW @ MIN",stephen curry,21,4,4:01,missed,3,22.4,6.7
21400793,"FEB 11, 2015 - GSW @ MIN",stephen curry,22,4,1:55,made,2,9.5,3.7
21400793,"FEB 11, 2015 - GSW @ MIN",stephen curry,23,4,0:20,missed,2,23.0,4.4
21400814,"FEB 20, 2015 - GSW vs. SAS",stephen curry,1,1,9:13,missed,3,23.8,0.2
21400814,"FEB 20, 2015 - GSW vs. SAS",stephen curry,2,1,8:38,made,2,5.5,2.4
21400814,"FEB 20, 2015 - GSW vs. SAS",stephen curry,3,1,6:30,missed,2,18.7,4.5
21400814,"FEB 20, 2015 - GSW vs. SAS",stephen curry,4,1,5:35,missed,2,5.4,1.0
21400814,"FEB 20, 2015 - GSW vs. SAS",stephen curry,5,1,1:03,made,3,24.7,3.4
21400814,"FEB 20, 2015 - GSW vs. SAS",stephen curry,6,1,0:45,missed,3,24.9,4.2
21400814,"FEB 20, 2015 - GSW vs. SAS",stephen curry,7,2,5:58,made,3,23.1,4.4
21400814,"FEB 20, 2015 - GSW vs. SAS",stephen curry,8,2,3:14,made,3,26.5,4.7
21400814,"FEB 20, 2015 - GSW vs. SAS",stephen curry,9,2,0:42,made,2,2.9,3.1
21400814,"FEB 20, 2015 - GSW vs. SAS",stephen curry,10,3,10:43,made,2,13.6,1.7
21400814,"FEB 20, 2015 - GSW vs. SAS",stephen curry,11,3,10:24,made,2,4.5,3.5
21400814,"FEB 20, 2015 - GSW vs. SAS",stephen curry,12,3,9:58,missed,3,25.3,6.2
21400814,"FEB 20, 2015 - GSW vs. SAS",stephen curry,13,3,8:00,missed,2,3.1,4.6
21400814,"FEB 20, 2015 - GSW vs. SAS",stephen curry,14,3,7:02,missed,2,21.0,7.3
21400814,"FEB 20, 2015 - GSW vs. SAS",stephen curry,15,3,6:20,missed,3,23.2,4.1
21400814,"FEB 20, 2015 - GSW vs. SAS",stephen curry,16,3,2:35,missed,2,4.2,0.5
21400814,"FEB 20, 2015 - GSW vs. SAS",stephen curry,17,3,0:42,made,3,24.0,3.8
21400838,"FEB 24, 2015 - GSW @ WAS",stephen curry,1,1,9:47,missed,3,22.1,2.1
21400838,"FEB 24, 2015 - GSW @ WAS",stephen curry,2,1,9:27,made,3,25.5,5.7
21400838,"FEB 24, 2015 - GSW @ WAS",stephen curry,3,1,7:56,made,2,2.3,9.8
21400838,"FEB 24, 2015 - GSW @ WAS",stephen curry,4,1,7:31,missed,2,0.9,2.3
21400838,"FEB 24, 2015 - GSW @ WAS",stephen curry,5,1,4:44,made,2,18.9,3.3
21400838,"FEB 24, 2015 - GSW @ WAS",stephen curry,6,1,2:37,made,3,24.6,2.0
21400838,"FEB 24, 2015 - GSW @ WAS",stephen curry,7,1,1:16,made,3,26.2,2.8
21400838,"FEB 24, 2015 - GSW @ WAS",stephen curry,8,1,0:49,missed,3,25.1,3.0
21400838,"FEB 24, 2015 - GSW @ WAS",stephen curry,9,3,11:44,made,3,23.5,6.7
21400838,"FEB 24, 2015 - GSW @ WAS",stephen curry,10,3,9:12,missed,3,28.5,4.9
21400838,"FEB 24, 2015 - GSW @ WAS",stephen curry,11,3,5:39,made,2,16.8,3.3
21400838,"FEB 24, 2015 - GSW @ WAS",stephen curry,12,3,4:50,missed,2,8.3,2.3
21400838,"FEB 24, 2015 - GSW @ WAS",stephen curry,13,3,4:41,missed,3,24.5,5.4
21400838,"FEB 24, 2015 - GSW @ WAS",stephen curry,14,3,1:26,made,3,25.0,5.5
21400838,"FEB 24, 2015 - GSW @ WAS",stephen curry,15,3,0:57,made,2,20.4,3.7
21400838,"FEB 24, 2015 - GSW @ WAS",stephen curry,16,3,0:37,made,2,4.5,2.7
21400838,"FEB 24, 2015 - GSW @ WAS",stephen curry,17,4,2:29,missed,2,22.2,3.0
21400838,"FEB 24, 2015 - GSW @ WAS",stephen curry,18,4,1:28,made,2,9.2,3.2
21400854,"FEB 26, 2015 - GSW @ CLE",stephen curry,1,1,9:57,made,3,24.2,2.7
21400854,"FEB 26, 2015 - GSW @ CLE",stephen curry,2,1,9:18,missed,3,25.4,4.9
21400854,"FEB 26, 2015 - GSW @ CLE",stephen curry,3,1,6:46,made,3,22.2,17.7
21400854,"FEB 26, 2015 - GSW @ CLE",stephen curry,4,1,4:47,made,3,25.9,5.7
21400854,"FEB 26, 2015 - GSW @ CLE",stephen curry,5,1,1:34,missed,3,25.5,4.0
21400854,"FEB 26, 2015 - GSW @ CLE",stephen curry,6,1,0:03,missed,2,22.5,3.8
21400854,"FEB 26, 2015 - GSW @ CLE",stephen curry,7,2,2:17,made,2,6.2,3.9
21400854,"FEB 26, 2015 - GSW @ CLE",stephen curry,8,3,9:56,missed,3,25.0,3.6
21400854,"FEB 26, 2015 - GSW @ CLE",stephen curry,9,3,8:36,missed,2,8.5,4.1
21400854,"FEB 26, 2015 - GSW @ CLE",stephen curry,10,3,8:12,missed,2,19.7,2.6
21400854,"FEB 26, 2015 - GSW @ CLE",stephen curry,11,3,6:39,made,2,4.2,4.3
21400854,"FEB 26, 2015 - GSW @ CLE",stephen curry,12,3,6:11,missed,3,25.5,7.7
21400854,"FEB 26, 2015 - GSW @ CLE",stephen curry,13,3,5:20,missed,2,7.4,3.7
21400854,"FEB 26, 2015 - GSW @ CLE",stephen curry,14,4,4:48,missed,2,18.8,4.4
21400854,"FEB 26, 2015 - GSW @ CLE",stephen curry,15,4,3:02,missed,2,4.0,0.4
21400854,"FEB 26, 2015 - GSW @ CLE",stephen curry,16,4,2:04,missed,3,26.6,5.8
21400854,"FEB 26, 2015 - GSW @ CLE",stephen curry,17,4,1:08,missed,3,24.6,5.5
21400861,"FEB 27, 2015 - GSW @ TOR",stephen curry,1,1,11:20,made,2,4.9,5.2
21400861,"FEB 27, 2015 - GSW @ TOR",stephen curry,2,1,10:06,made,2,2.8,28.7
21400861,"FEB 27, 2015 - GSW @ TOR",stephen curry,3,1,8:03,missed,2,19.8,3.5
21400861,"FEB 27, 2015 - GSW @ TOR",stephen curry,4,1,7:30,missed,2,3.3,3.4
21400861,"FEB 27, 2015 - GSW @ TOR",stephen curry,5,1,2:10,missed,2,20.9,3.5
21400861,"FEB 27, 2015 - GSW @ TOR",stephen curry,6,1,1:10,made,3,23.7,2.8
21400861,"FEB 27, 2015 - GSW @ TOR",stephen curry,7,2,3:15,made,2,14.1,3.9
21400861,"FEB 27, 2015 - GSW @ TOR",stephen curry,8,2,1:21,missed,2,10.5,1.1
21400861,"FEB 27, 2015 - GSW @ TOR",stephen curry,9,3,7:47,missed,3,28.5,6.8
21400861,"FEB 27, 2015 - GSW @ TOR",stephen curry,10,3,6:17,made,2,4.6,3.5
21400861,"FEB 27, 2015 - GSW @ TOR",stephen curry,11,3,4:41,made,2,0.8,3.4
21400861,"FEB 27, 2015 - GSW @ TOR",stephen curry,12,3,4:08,made,3,24.8,6.7
21400861,"FEB 27, 2015 - GSW @ TOR",stephen curry,13,3,3:11,made,3,24.7,4.7
21400880,"MAR 01, 2015 - GSW @ BOS",stephen curry,1,1,11:24,made,2,0.9,1.2
21400880,"MAR 01, 2015 - GSW @ BOS",stephen curry,2,1,8:24,made,3,25.5,5.2
21400880,"MAR 01, 2015 - GSW @ BOS",stephen curry,3,1,6:00,missed,2,3.3,1.8
21400880,"MAR 01, 2015 - GSW @ BOS",stephen curry,4,1,5:29,missed,3,24.5,3.8
21400880,"MAR 01, 2015 - GSW @ BOS",stephen curry,5,1,3:47,made,2,11.4,4.3
21400880,"MAR 01, 2015 - GSW @ BOS",stephen curry,6,1,2:18,made,2,5.5,3.3
21400880,"MAR 01, 2015 - GSW @ BOS",stephen curry,7,1,2:03,made,3,25.2,5.1
21400880,"MAR 01, 2015 - GSW @ BOS",stephen curry,8,1,0:57,made,2,12.7,2.8
21400880,"MAR 01, 2015 - GSW @ BOS",stephen curry,9,1,0:38,missed,2,22.8,0.4
21400880,"MAR 01, 2015 - GSW @ BOS",stephen curry,10,1,0:26,missed,3,24.6,4.8
21400880,"MAR 01, 2015 - GSW @ BOS",stephen curry,11,2,6:16,missed,3,23.1,4.1
21400880,"MAR 01, 2015 - GSW @ BOS",stephen curry,12,2,2:11,made,2,6.0,3.2
21400880,"MAR 01, 2015 - GSW @ BOS",stephen curry,13,2,0:43,made,3,25.5,6.3
21400880,"MAR 01, 2015 - GSW @ BOS",stephen curry,14,2,0:05,missed,2,4.1,2.1
21400880,"MAR 01, 2015 - GSW @ BOS",stephen curry,15,3,10:07,made,2,5.5,3.9
21400880,"MAR 01, 2015 - GSW @ BOS",stephen curry,16,3,9:49,made,2,3.8,6.7
21400880,"MAR 01, 2015 - GSW @ BOS",stephen curry,17,3,8:43,made,3,24.3,7.7
21400880,"MAR 01, 2015 - GSW @ BOS",stephen curry,18,3,8:10,missed,2,23.2,5.2
21400880,"MAR 01, 2015 - GSW @ BOS",stephen curry,19,4,9:27,made,3,24.5,11.0
21400880,"MAR 01, 2015 - GSW @ BOS",stephen curry,20,4,7:30,made,2,16.8,3.2
21400880,"MAR 01, 2015 - GSW @ BOS",stephen curry,21,4,6:52,missed,2,24.4,5.6
21400880,"MAR 01, 2015 - GSW @ BOS",stephen curry,22,4,2:39,made,2,18.5,1.1
21400886,"MAR 02, 2015 - GSW @ BKN",stephen curry,1,1,6:16,missed,3,23.2,4.1
21400886,"MAR 02, 2015 - GSW @ BKN",stephen curry,2,1,5:23,missed,2,15.6,3.7
21400886,"MAR 02, 2015 - GSW @ BKN",stephen curry,3,1,5:14,made,3,23.1,13.6
21400886,"MAR 02, 2015 - GSW @ BKN",stephen curry,4,3,9:12,missed,3,24.6,4.4
21400886,"MAR 02, 2015 - GSW @ BKN",stephen curry,5,3,2:06,missed,3,25.7,1.9
21400886,"MAR 02, 2015 - GSW @ BKN",stephen curry,6,3,1:33,missed,2,9.3,3.6
21400886,"MAR 02, 2015 - GSW @ BKN",stephen curry,7,3,0:13,made,3,24.4,6.0
21400886,"MAR 02, 2015 - GSW @ BKN",stephen curry,8,4,9:38,made,3,27.4,4.0
21400886,"MAR 02, 2015 - GSW @ BKN",stephen curry,9,4,8:58,made,2,4.2,4.3
21400886,"MAR 02, 2015 - GSW @ BKN",stephen curry,10,4,7:30,missed,3,23.8,2.7
21400886,"MAR 02, 2015 - GSW @ BKN",stephen curry,11,4,4:24,missed,3,25.0,12.5
21400886,"MAR 02, 2015 - GSW @ BKN",stephen curry,12,4,3:52,made,3,23.1,10.1
21400886,"MAR 02, 2015 - GSW @ BKN",stephen curry,13,4,3:17,made,3,23.8,6.3
21400886,"MAR 02, 2015 - GSW @ BKN",stephen curry,14,4,2:26,made,3,24.9,11.4
21400886,"MAR 02, 2015 - GSW @ BKN",stephen curry,15,4,2:08,missed,3,25.0,7.1
21400886,"MAR 02, 2015 - GSW @ BKN",stephen curry,16,4,1:10,made,2,21.6,8.3
21400907,"MAR 04, 2015 - GSW vs. MIL",stephen curry,1,1,9:49,missed,2,8.0,2.5
21400907,"MAR 04, 2015 - GSW vs. MIL",stephen curry,2,1,7:26,missed,3,25.9,3.0
21400907,"MAR 04, 2015 - GSW vs. MIL",stephen curry,3,1,5:34,made,3,23.8,7.5
21400907,"MAR 04, 2015 - GSW vs. MIL",stephen curry,4,1,5:00,made,3,27.5,6.4
21400907,"MAR 04, 2015 - GSW vs. MIL",stephen curry,5,1,3:33,missed,3,29.3,6.4
21400907,"MAR 04, 2015 - GSW vs. MIL",stephen curry,6,1,0:11,missed,3,25.1,4.8
21400907,"MAR 04, 2015 - GSW vs. MIL",stephen curry,7,2,0:06,missed,2,9.4,2.4
21400907,"MAR 04, 2015 - GSW vs. MIL",stephen curry,8,3,9:22,missed,3,25.5,6.0
21400907,"MAR 04, 2015 - GSW vs. MIL",stephen curry,9,3,8:53,missed,3,24.5,5.4
21400907,"MAR 04, 2015 - GSW vs. MIL",stephen curry,10,4,10:41,missed,3,23.6,3.7
21400907,"MAR 04, 2015 - GSW vs. MIL",stephen curry,11,4,10:20,made,3,23.7,6.0
21400907,"MAR 04, 2015 - GSW vs. MIL",stephen curry,12,4,9:50,made,3,27.7,6.5
21400907,"MAR 04, 2015 - GSW vs. MIL",stephen curry,13,4,9:15,made,3,27.3,1.8
21400907,"MAR 04, 2015 - GSW vs. MIL",stephen curry,14,4,5:39,missed,3,23.9,3.6
21400907,"MAR 04, 2015 - GSW vs. MIL",stephen curry,15,4,5:14,missed,2,6.6,0.3
21400907,"MAR 04, 2015 - GSW vs. MIL",stephen curry,16,4,1:58,made,3,23.3,20.1
